1,Whale,1
2,Fox,1
3,Python,1
4,Whale,1
5,Fox,1
6,Python,1
7,Whale,1
8,Fox,1
9,Python,1
10,Whale,1
11,Fox,1
12,Python,1
13,Fox,1
14,Python,1
15,Fox,1
16,Python,1
17,Fox,1
18,Python,1
19,Fox,1
20,Python,1
21,Fox,1
22,Python,1
23,Fox,1
24,Python,1
25,Fox,1
26,Python,1
27,Fox,1
28,Python,1
29,Fox,1
30,Python,1
31,Fox,1
32,Python,1
33,Fox,1
34,Python,1
35,Python,1
36,Python,1
37,Python,1
38,Python,1
39,Python,1
40,Whale,1
41,Tux,1
42,Fox,1
43,Python,1
44,Whale,1
45,Tux,1
46,Fox,1
47,Python,1
48,Whale,1
49,Tux,1
50,Fox,1
51,Python,1
52,Whale,1
53,Tux,1
54,Fox,1
55,Python,1
56,Whale,1
57,Tux,1
58,Fox,1
59,Python,1
60,Whale,1
61,Tux,1
62,Fox,1
63,Python,1
64,Whale,1
65,Tux,1
66,Fox,1
67,Python,1
68,Whale,1
69,Tux,1
70,Fox,1
71,Python,1
72,Whale,1
73,Tux,1
74,Fox,1
75,Python,1
76,Whale,1
77,Tux,1
78,Fox,1
79,Python,1
80,Whale,1
81,Tux,1
82,Fox,1
83,Python,1
84,Whale,1
85,Tux,1
86,Fox,1
87,Python,1
88,Whale,1
89,Tux,1
90,Fox,1
91,Python,1
92,Whale,1
93,Tux,1
94,Fox,1
95,Python,1
96,Whale,1
97,Tux,1
98,Fox,1
99,Python,1
100,Whale,1
101,Tux,1
102,Fox,1
103,Python,1
104,Whale,1
105,Tux,1
106,Fox,1
107,Python,1
108,Whale,1
109,Tux,1
110,Fox,1
111,Python,1
112,Whale,1
113,Tux,1
114,Fox,1
115,Python,1
116,Whale,1
117,Tux,1
118,Fox,1
119,Python,1
120,Whale,1
121,Tux,1
122,Fox,1
123,Python,1
124,Whale,1
125,Tux,1
126,Fox,1
127,Python,1
128,Whale,1
129,Tux,1
130,Fox,1
131,Python,1
132,Whale,1
133,Tux,1
134,Fox,1
135,Python,1
136,Whale,1
137,Tux,1
138,Fox,1
139,Python,1
140,Whale,1
141,Tux,1
142,Fox,1
143,Python,1
144,Whale,1
145,Tux,1
146,Fox,1
147,Python,1
148,Whale,1
149,Tux,1
150,Fox,1
151,Python,1
152,Whale,1
153,Tux,1
154,Fox,1
155,Python,1
156,Whale,1
157,Tux,1
158,Fox,1
159,Python,1
160,Whale,1
161,Tux,1
162,Fox,1
163,Python,1
164,Whale,1
165,Tux,1
166,Fox,1
167,Python,1
168,Whale,1
169,Tux,1
170,Fox,1
171,Python,1
172,Whale,1
173,Tux,1
174,Fox,1
175,Python,1
176,Whale,1
177,Tux,1
178,Fox,1
179,Python,1
180,Whale,1
181,Tux,1
182,Fox,1
183,Python,1
184,Whale,1
185,Tux,1
186,Fox,1
187,Python,1
188,Whale,1
189,Tux,1
190,Fox,1
191,Python,1
192,Whale,1
193,Tux,1
194,Fox,1
195,Python,1
196,Whale,1
197,Tux,1
198,Fox,1
199,Python,1
200,Whale,1
201,Tux,1
202,Fox,1
203,Python,1
204,Whale,1
205,Tux,1
206,Fox,1
207,Python,1
208,Whale,1
209,Tux,1
210,Fox,1
211,Python,1
212,Whale,1
213,Tux,1
214,Fox,1
215,Python,1
216,Whale,1
217,Tux,1
218,Fox,1
219,Python,1
220,Whale,1
221,Tux,1
222,Fox,1
223,Python,1
224,Whale,1
225,Tux,1
226,Fox,1
227,Python,1
228,Whale,1
229,Tux,1
230,Fox,1
231,Python,1
232,Whale,1
233,Tux,1
234,Fox,1
235,Python,1
236,Whale,1
237,Tux,1
238,Fox,1
239,Python,1
240,Whale,1
241,Tux,1
242,Fox,1
243,Python,1
244,Whale,1
245,Tux,1
246,Fox,1
247,Python,1
248,Whale,1
249,Tux,1
250,Fox,1
251,Python,1
252,Whale,1
253,Tux,1
254,Fox,1
255,Python,1
256,Whale,1
257,Tux,1
258,Fox,1
259,Python,1
260,Whale,1
261,Tux,1
262,Fox,1
263,Python,1
264,Whale,1
265,Tux,1
266,Fox,1
267,Python,1
268,Whale,1
269,Tux,1
270,Fox,1
271,Python,1
272,Whale,1
273,Tux,1
274,Fox,1
275,Python,1
276,Whale,1
277,Tux,1
278,Fox,1
279,Python,1
280,Whale,1
281,Tux,1
282,Fox,1
283,Python,1
284,Whale,1
285,Tux,1
286,Fox,1
287,Python,1
288,Whale,1
289,Tux,1
290,Fox,1
291,Python,1
292,Whale,1
293,Tux,1
294,Fox,1
295,Python,1
296,Whale,1
297,Tux,1
298,Fox,1
299,Python,1
300,Whale,1
301,Tux,1
302,Fox,1
303,Python,1
304,Whale,1
305,Tux,1
306,Fox,1
307,Python,1
308,Whale,1
309,Tux,1
310,Fox,1
311,Python,1
312,Whale,1
313,Tux,1
314,Fox,1
315,Python,1
316,Whale,1
317,Tux,1
318,Fox,1
319,Python,1
320,Whale,1
321,Tux,1
322,Fox,1
323,Python,1
324,Whale,1
325,Tux,1
326,Fox,1
327,Python,1
328,Whale,1
329,Tux,1
330,Fox,1
331,Python,1
332,Whale,1
333,Tux,1
334,Fox,1
335,Python,1
336,Whale,1
337,Tux,1
338,Fox,1
339,Python,1
340,Whale,1
341,Tux,1
342,Fox,1
343,Python,1
344,Whale,1
345,Tux,1
346,Fox,1
347,Python,1
348,Whale,1
349,Tux,1
350,Fox,1
351,Python,1
352,Whale,1
353,Tux,1
354,Fox,1
355,Python,1
356,Whale,1
357,Tux,1
358,Fox,1
359,Python,1
360,Whale,1
361,Tux,1
362,Fox,1
363,Python,1
364,Whale,1
365,Tux,1
366,Fox,1
367,Python,1
368,Whale,1
369,Tux,1
370,Fox,1
371,Python,1
372,Whale,1
373,Tux,1
374,Fox,1
375,Python,1
376,Whale,1
377,Tux,1
378,Fox,1
379,Python,1
380,Whale,1
381,Tux,1
382,Fox,1
383,Python,1
384,Whale,1
385,Tux,1
386,Fox,1
387,Python,1
388,Whale,1
389,Tux,1
390,Fox,1
391,Python,1
392,Whale,1
393,Tux,1
394,Fox,1
395,Python,1
396,Whale,1
397,Tux,1
398,Fox,1
399,Python,1
400,Whale,1
401,Tux,1
402,Fox,1
403,Python,1
404,Whale,1
405,Tux,1
406,Fox,1
407,Python,1
408,Whale,1
409,Tux,1
410,Fox,1
411,Python,1
412,Whale,1
413,Tux,1
414,Fox,1
415,Python,1
416,Whale,1
417,Tux,1
418,Fox,1
419,Python,1
420,Whale,1
421,Tux,1
422,Fox,1
423,Python,1
424,Whale,1
425,Tux,1
426,Fox,1
427,Python,1
428,Whale,1
429,Tux,1
430,Fox,1
431,Python,1
432,Whale,1
433,Tux,1
434,Fox,1
435,Python,1
436,Whale,1
437,Tux,1
438,Fox,1
439,Python,1
440,Whale,1
441,Tux,1
442,Fox,1
443,Python,1
444,Whale,1
445,Tux,1
446,Fox,1
447,Python,1
448,Whale,1
449,Tux,1
450,Fox,1
451,Python,1
452,Whale,1
453,Tux,1
454,Fox,1
455,Python,1
456,Whale,1
457,Tux,1
458,Fox,1
459,Python,1
460,Whale,1
461,Tux,1
462,Fox,1
463,Python,1
464,Whale,1
465,Tux,1
466,Fox,1
467,Python,1
468,Whale,1
469,Tux,1
470,Fox,1
471,Python,1
472,Whale,1
473,Tux,1
474,Fox,1
475,Python,1
476,Whale,1
477,Tux,1
478,Fox,1
479,Python,1
480,Whale,1
481,Tux,1
482,Fox,1
483,Python,1
484,Whale,1
485,Tux,1
486,Fox,1
487,Python,1
488,Whale,1
489,Tux,1
490,Fox,1
491,Python,1
492,Whale,1
493,Tux,1
494,Fox,1
495,Python,1
496,Whale,1
497,Tux,1
498,Fox,1
499,Python,1
500,Whale,1
501,Tux,1
502,Fox,1
503,Python,1
504,Whale,1
505,Tux,1
506,Fox,1
507,Python,1
508,Whale,1
509,Tux,1
510,Fox,1
511,Python,1
512,Whale,1
513,Tux,1
514,Fox,1
515,Python,1
516,Whale,1
517,Tux,1
518,Fox,1
519,Python,1
520,Whale,1
521,Tux,1
522,Fox,1
523,Python,1
524,Whale,1
525,Tux,1
526,Fox,1
527,Python,1
528,Whale,1
529,Tux,1
530,Fox,1
531,Python,1
532,Whale,1
533,Tux,1
534,Fox,1
535,Python,1
536,Whale,1
537,Tux,1
538,Fox,1
539,Python,1
540,Whale,1
541,Tux,1
542,Fox,1
543,Python,1
544,Whale,1
545,Tux,1
546,Fox,1
547,Python,1
548,Whale,1
549,Tux,1
550,Fox,1
551,Python,1
552,Whale,1
553,Tux,1
554,Fox,1
555,Python,1
556,Whale,1
557,Tux,1
558,Fox,1
559,Python,1
560,Whale,1
561,Tux,1
562,Fox,1
563,Python,1
564,Whale,1
565,Tux,1
566,Fox,1
567,Python,1
568,Whale,1
569,Tux,1
570,Fox,1
571,Python,1
572,Whale,1
573,Tux,1
574,Fox,1
575,Python,1
576,Whale,1
577,Tux,1
578,Fox,1
579,Python,1
580,Whale,1
581,Tux,1
582,Fox,1
583,Python,1
584,Whale,1
585,Tux,1
586,Fox,1
587,Python,1
588,Whale,1
589,Tux,1
590,Fox,1
591,Python,1
592,Whale,1
593,Tux,1
594,Fox,1
595,Python,1
596,Whale,1
597,Tux,1
598,Fox,1
599,Python,1
600,Whale,1
601,Tux,1
602,Fox,1
603,Python,1
604,Whale,1
605,Tux,1
606,Fox,1
607,Python,1
608,Whale,1
609,Tux,1
610,Fox,1
611,Python,1
612,Whale,1
613,Tux,1
614,Fox,1
615,Python,1
616,Whale,1
617,Tux,1
618,Fox,1
619,Python,1
620,Whale,1
621,Tux,1
622,Fox,1
623,Python,1
624,Whale,1
625,Tux,1
626,Fox,1
627,Python,1
628,Whale,1
629,Tux,1
630,Fox,1
631,Python,1
632,Whale,1
633,Tux,1
634,Fox,1
635,Python,1
636,Whale,1
637,Tux,1
638,Fox,1
639,Python,1
640,Whale,1
641,Tux,1
642,Fox,1
643,Python,1
644,Whale,1
645,Tux,1
646,Fox,1
647,Python,1
648,Whale,1
649,Tux,1
650,Fox,1
651,Python,1
652,Whale,1
653,Tux,1
654,Fox,1
655,Python,1
656,Whale,1
657,Tux,1
658,Fox,1
659,Python,1
660,Whale,1
661,Tux,1
662,Fox,1
663,Python,1
664,Whale,1
665,Tux,1
666,Fox,1
667,Python,1
668,Whale,1
669,Tux,1
670,Fox,1
671,Python,1
672,Whale,1
673,Tux,1
674,Fox,1
675,Python,1
676,Whale,1
677,Tux,1
678,Fox,1
679,Python,1
680,Whale,1
681,Tux,1
682,Fox,1
683,Python,1
684,Whale,1
685,Tux,1
686,Fox,1
687,Python,1
688,Whale,1
689,Tux,1
690,Fox,1
691,Python,1
692,Whale,1
693,Tux,1
694,Fox,1
695,Python,1
696,Whale,1
697,Tux,1
698,Fox,1
699,Python,1
700,Whale,1
701,Tux,1
702,Fox,1
703,Python,1
704,Whale,1
705,Tux,1
706,Fox,1
707,Python,1
708,Whale,1
709,Tux,1
710,Fox,1
711,Python,1
712,Whale,1
713,Tux,1
714,Fox,1
715,Python,1
716,Whale,1
717,Tux,1
718,Fox,1
719,Python,1
720,Whale,1
721,Tux,1
722,Fox,1
723,Python,1
724,Whale,1
725,Tux,1
726,Fox,1
727,Python,1
728,Whale,1
729,Tux,1
730,Fox,1
731,Python,1
732,Whale,1
733,Tux,1
734,Fox,1
735,Python,1
736,Whale,1
737,Tux,1
738,Fox,1
739,Python,1
740,Whale,1
741,Tux,1
742,Fox,1
743,Python,1
744,Whale,1
745,Tux,1
746,Fox,1
747,Python,1
748,Whale,1
749,Tux,1
750,Fox,1
751,Python,1
752,Whale,1
753,Tux,1
754,Fox,1
755,Python,1
756,Whale,1
757,Tux,1
758,Fox,1
759,Python,1
760,Whale,1
761,Tux,1
762,Fox,1
763,Python,1
764,Whale,1
765,Tux,1
766,Fox,1
767,Python,1
768,Whale,1
769,Tux,1
770,Fox,1
771,Python,1
772,Whale,1
773,Tux,1
774,Fox,1
775,Python,1
776,Whale,1
777,Tux,1
778,Fox,1
779,Python,1
780,Whale,1
781,Tux,1
782,Fox,1
783,Python,1
784,Whale,1
785,Tux,1
786,Fox,1
787,Python,1
788,Whale,1
789,Tux,1
790,Fox,1
791,Python,1
792,Whale,1
793,Tux,1
794,Fox,1
795,Python,1
796,Whale,1
797,Tux,1
798,Fox,1
799,Python,1
800,Whale,1
801,Tux,1
802,Fox,1
803,Python,1
804,Whale,1
805,Tux,1
806,Fox,1
807,Python,1
808,Whale,1
809,Tux,1
810,Fox,1
811,Python,1
812,Whale,1
813,Tux,1
814,Fox,1
815,Python,1
816,Whale,1
817,Tux,1
818,Fox,1
819,Python,1
820,Whale,1
821,Tux,1
822,Fox,1
823,Python,1
824,Whale,1
825,Tux,1
826,Fox,1
827,Python,1
828,Whale,1
829,Tux,1
830,Fox,1
831,Python,1
832,Whale,1
833,Tux,1
834,Fox,1
835,Python,1
836,Whale,1
837,Tux,1
838,Fox,1
839,Python,1
840,Whale,1
841,Tux,1
842,Fox,1
843,Python,1
844,Whale,1
845,Tux,1
846,Fox,1
847,Python,1
848,Whale,1
849,Tux,1
850,Fox,1
851,Python,1
852,Whale,1
853,Tux,1
854,Fox,1
855,Python,1
856,Whale,1
857,Tux,1
858,Fox,1
859,Python,1
860,Whale,1
861,Tux,1
862,Fox,1
863,Python,1
864,Whale,1
865,Tux,1
866,Fox,1
867,Python,1
868,Whale,1
869,Tux,1
870,Fox,1
871,Python,1
872,Whale,1
873,Tux,1
874,Fox,1
875,Python,1
876,Whale,1
877,Tux,1
878,Fox,1
879,Python,1
880,Whale,1
881,Tux,1
882,Fox,1
883,Python,1
884,Whale,1
885,Tux,1
886,Fox,1
887,Python,1
888,Whale,1
889,Tux,1
890,Fox,1
891,Python,1
892,Whale,1
893,Tux,1
894,Fox,1
895,Python,1
896,Whale,1
897,Tux,1
898,Fox,1
899,Python,1
900,Whale,1
901,Tux,1
902,Fox,1
903,Python,1
904,Whale,1
905,Tux,1
906,Fox,1
907,Python,1
908,Whale,1
909,Tux,1
910,Fox,1
911,Python,1
912,Whale,1
913,Tux,1
914,Fox,1
915,Python,1
916,Whale,1
917,Tux,1
918,Fox,1
919,Python,1
920,Whale,1
921,Tux,1
922,Fox,1
923,Python,1
924,Whale,1
925,Tux,1
926,Fox,1
927,Python,1
928,Whale,1
929,Tux,1
930,Fox,1
931,Python,1
932,Whale,1
933,Tux,1
934,Fox,1
935,Python,1
936,Whale,1
937,Tux,1
938,Fox,1
939,Python,1
940,Whale,1
941,Tux,1
942,Fox,1
943,Python,1
944,Whale,1
945,Tux,1
946,Fox,1
947,Python,1
948,Whale,1
949,Tux,1
950,Fox,1
951,Python,1
952,Whale,1
953,Tux,1
954,Fox,1
955,Python,1
956,Whale,1
957,Tux,1
958,Fox,1
959,Python,1
960,Whale,1
961,Tux,1
962,Fox,1
963,Python,1
964,Whale,1
965,Tux,1
966,Fox,1
967,Python,1
968,Whale,1
969,Tux,1
970,Fox,1
971,Python,1
972,Whale,1
973,Tux,1
974,Fox,1
975,Python,1
976,Whale,1
977,Tux,1
978,Fox,1
979,Python,1
980,Whale,1
981,Tux,1
982,Fox,1
983,Python,1
984,Whale,1
985,Tux,1
986,Fox,1
987,Python,1
988,Whale,1
989,Tux,1
990,Fox,1
991,Python,1
992,Whale,1
993,Tux,1
994,Fox,1
995,Python,1
996,Whale,1
997,Tux,1
998,Fox,1
999,Python,1
1000,Whale,1
1001,Tux,1
1002,Fox,1
1003,Python,1
1004,Whale,1
1005,Tux,1
1006,Fox,1
1007,Python,1
1008,Whale,1
1009,Tux,1
1010,Fox,1
1011,Python,1
1012,Whale,1
1013,Tux,1
1014,Fox,1
1015,Python,1
1016,Whale,1
1017,Tux,1
1018,Fox,1
1019,Python,1
1020,Whale,1
1021,Tux,1
1022,Fox,1
1023,Python,1
1024,Whale,1
1025,Tux,1
1026,Fox,1
1027,Python,1
1028,Whale,1
1029,Tux,1
1030,Fox,1
1031,Python,1
1032,Whale,1
1033,Tux,1
1034,Fox,1
1035,Python,1
1036,Whale,1
1037,Tux,1
1038,Fox,1
1039,Python,1
1040,Whale,1
1041,Tux,1
1042,Fox,1
1043,Python,1
1044,Whale,1
1045,Tux,1
1046,Fox,1
1047,Python,1
1048,Whale,1
1049,Tux,1
1050,Fox,1
1051,Python,1
1052,Whale,1
1053,Tux,1
1054,Fox,1
1055,Python,1
1056,Whale,1
1057,Tux,1
1058,Fox,1
1059,Python,1
1060,Whale,1
1061,Tux,1
1062,Fox,1
1063,Python,1
1064,Whale,1
1065,Tux,1
1066,Fox,1
1067,Python,1
1068,Whale,1
1069,Tux,1
1070,Fox,1
1071,Python,1
1072,Whale,1
1073,Tux,1
1074,Fox,1
1075,Python,1
1076,Whale,1
1077,Tux,1
1078,Fox,1
1079,Python,1
1080,Whale,1
1081,Tux,1
1082,Fox,1
1083,Python,1
1084,Whale,1
1085,Tux,1
1086,Fox,1
1087,Python,1
1088,Whale,1
1089,Tux,1
1090,Fox,1
1091,Python,1
1092,Whale,1
1093,Tux,1
1094,Fox,1
1095,Python,1
1096,Whale,1
1097,Tux,1
1098,Fox,1
1099,Python,1
1100,Whale,1
1101,Tux,1
1102,Fox,1
1103,Python,1
1104,Whale,1
1105,Tux,1
1106,Fox,1
1107,Python,1
1108,Whale,1
1109,Tux,1
1110,Fox,1
1111,Python,1
1112,Whale,1
1113,Tux,1
1114,Fox,1
1115,Python,1
1116,Whale,1
1117,Tux,1
1118,Fox,1
1119,Python,1
1120,Whale,1
1121,Tux,1
1122,Fox,1
1123,Python,1
1124,Whale,1
1125,Tux,1
1126,Fox,1
1127,Python,1
1128,Whale,1
1129,Tux,1
1130,Fox,1
1131,Python,1
1132,Whale,1
1133,Tux,1
1134,Fox,1
1135,Python,1
1136,Whale,1
1137,Tux,1
1138,Fox,1
1139,Python,1
1140,Whale,1
1141,Tux,1
1142,Fox,1
1143,Python,1
1144,Whale,1
1145,Tux,1
1146,Fox,1
1147,Python,1
1148,Whale,1
1149,Tux,1
1150,Fox,1
1151,Python,1
1152,Whale,1
1153,Tux,1
1154,Fox,1
1155,Python,1
1156,Whale,1
1157,Tux,1
1158,Fox,1
1159,Python,1
1160,Whale,1
1161,Tux,1
1162,Fox,1
1163,Python,1
1164,Whale,1
1165,Tux,1
1166,Fox,1
1167,Python,1
1168,Whale,1
1169,Tux,1
1170,Fox,1
1171,Python,1
1172,Whale,1
1173,Tux,1
1174,Fox,1
1175,Python,1
1176,Whale,1
1177,Tux,1
1178,Fox,1
1179,Python,1
1180,Whale,1
1181,Tux,1
1182,Fox,1
1183,Python,1
1184,Whale,1
1185,Tux,1
1186,Fox,1
1187,Python,1
1188,Whale,1
1189,Tux,1
1190,Fox,1
1191,Python,1
1192,Whale,1
1193,Tux,1
1194,Fox,1
1195,Python,1
1196,Whale,1
1197,Tux,1
1198,Fox,1
1199,Python,1
1200,Whale,1
1201,Tux,1
1202,Fox,1
1203,Python,1
1204,Whale,1
1205,Tux,1
1206,Fox,1
1207,Python,1
1208,Whale,1
1209,Tux,1
1210,Fox,1
1211,Python,1
1212,Whale,1
1213,Tux,1
1214,Fox,1
1215,Python,1
1216,Whale,1
1217,Tux,1
1218,Fox,1
1219,Python,1
1220,Whale,1
1221,Tux,1
1222,Fox,1
1223,Python,1
1224,Whale,1
1225,Tux,1
1226,Fox,1
1227,Python,1
1228,Whale,1
1229,Tux,1
1230,Fox,1
1231,Python,1
1232,Whale,1
1233,Tux,1
1234,Fox,1
1235,Python,1
1236,Whale,1
1237,Tux,1
1238,Fox,1
1239,Python,1
1240,Whale,1
1241,Tux,1
1242,Fox,1
1243,Python,1
1244,Whale,1
1245,Tux,1
1246,Fox,1
1247,Python,1
1248,Whale,1
1249,Tux,1
1250,Fox,1
1251,Python,1
1252,Whale,1
1253,Tux,1
1254,Fox,1
1255,Python,1
1256,Whale,1
1257,Tux,1
1258,Fox,1
1259,Python,1
1260,Whale,1
1261,Tux,1
1262,Fox,1
1263,Python,1
1264,Whale,1
1265,Tux,1
1266,Fox,1
1267,Python,1
1268,Whale,1
1269,Tux,1
1270,Fox,1
1271,Python,1
1272,Whale,1
1273,Tux,1
1274,Fox,1
1275,Python,1
1276,Whale,1
1277,Tux,1
1278,Fox,1
1279,Python,1
1280,Whale,1
1281,Tux,1
1282,Fox,1
1283,Python,1
1284,Whale,1
1285,Tux,1
1286,Fox,1
1287,Python,1
1288,Whale,1
1289,Tux,1
1290,Fox,1
1291,Python,1
1292,Whale,1
1293,Tux,1
1294,Fox,1
1295,Python,1
1296,Whale,1
1297,Tux,1
1298,Fox,1
1299,Python,1
1300,Whale,1
1301,Tux,1
1302,Fox,1
1303,Python,1
1304,Whale,1
1305,Tux,1
1306,Fox,1
1307,Python,1
1308,Whale,1
1309,Tux,1
1310,Fox,1
1311,Python,1
1312,Whale,1
1313,Tux,1
1314,Fox,1
1315,Python,1
1316,Whale,1
1317,Tux,1
1318,Fox,1
1319,Python,1
1320,Whale,1
1321,Tux,1
1322,Fox,1
1323,Python,1
1324,Whale,1
1325,Tux,1
1326,Fox,1
1327,Python,1
1328,Whale,1
1329,Tux,1
1330,Fox,1
1331,Python,1
1332,Whale,1
1333,Tux,1
1334,Fox,1
1335,Python,1
1336,Whale,1
1337,Tux,1
1338,Fox,1
1339,Python,1
1340,Whale,1
1341,Tux,1
1342,Fox,1
1343,Python,1
1344,Whale,1
1345,Tux,1
1346,Fox,1
1347,Python,1
1348,Whale,1
1349,Tux,1
1350,Fox,1
1351,Python,1
1352,Whale,1
1353,Tux,1
1354,Fox,1
1355,Python,1
1356,Whale,1
1357,Tux,1
1358,Fox,1
1359,Python,1
1360,Whale,1
1361,Tux,1
1362,Fox,1
1363,Python,1
1364,Whale,1
1365,Tux,1
1366,Fox,1
1367,Python,1
1368,Whale,1
1369,Tux,1
1370,Fox,1
1371,Python,1
1372,Whale,1
1373,Tux,1
1374,Fox,1
1375,Python,1
1376,Whale,1
1377,Tux,1
1378,Fox,1
1379,Python,1
1380,Whale,1
1381,Tux,1
1382,Fox,1
1383,Python,1
1384,Whale,1
1385,Tux,1
1386,Fox,1
1387,Python,1
1388,Whale,1
1389,Tux,1
1390,Fox,1
1391,Python,1
1392,Whale,1
1393,Tux,1
1394,Fox,1
1395,Python,1
1396,Whale,1
1397,Tux,1
1398,Fox,1
1399,Python,1
1400,Whale,1
1401,Tux,1
1402,Fox,1
1403,Python,1
1404,Whale,1
1405,Tux,1
1406,Fox,1
1407,Python,1
1408,Whale,1
1409,Tux,1
1410,Fox,1
1411,Python,1
1412,Whale,1
1413,Tux,1
1414,Fox,1
1415,Python,1
1416,Whale,1
1417,Tux,1
1418,Fox,1
1419,Python,1
1420,Whale,1
1421,Tux,1
1422,Fox,1
1423,Python,1
1424,Whale,1
1425,Tux,1
1426,Fox,1
1427,Python,1
1428,Whale,1
1429,Tux,1
1430,Fox,1
1431,Python,1
1432,Whale,1
1433,Tux,1
1434,Fox,1
1435,Python,1
1436,Whale,1
1437,Tux,1
1438,Fox,1
1439,Python,1
1440,Whale,1
1441,Tux,1
1442,Fox,1
1443,Python,1
1444,Whale,1
1445,Tux,1
1446,Fox,1
1447,Python,1
1448,Whale,1
1449,Tux,1
1450,Fox,1
1451,Python,1
1452,Whale,1
1453,Tux,1
1454,Fox,1
1455,Python,1
1456,Whale,1
1457,Tux,1
1458,Fox,1
1459,Python,1
1460,Whale,1
1461,Tux,1
1462,Fox,1
1463,Python,1
1464,Whale,1
1465,Tux,1
1466,Fox,1
1467,Python,1
1468,Whale,1
1469,Tux,1
1470,Fox,1
1471,Python,1
1472,Whale,1
1473,Tux,1
1474,Fox,1
1475,Python,1
1476,Whale,1
1477,Tux,1
1478,Fox,1
1479,Python,1
1480,Whale,1
1481,Tux,1
1482,Fox,1
1483,Python,1
1484,Whale,1
1485,Tux,1
1486,Fox,1
1487,Python,1
1488,Whale,1
1489,Tux,1
1490,Fox,1
1491,Python,1
1492,Whale,1
1493,Tux,1
1494,Fox,1
1495,Python,1
1496,Whale,1
1497,Tux,1
1498,Fox,1
1499,Python,1
1500,Whale,1
1501,Tux,1
1502,Fox,1
1503,Python,1
1504,Whale,1
1505,Tux,1
1506,Fox,1
1507,Python,1
1508,Whale,1
1509,Tux,1
1510,Fox,1
1511,Python,1
1512,Whale,1
1513,Tux,1
1514,Fox,1
1515,Python,1
1516,Whale,1
1517,Tux,1
1518,Fox,1
1519,Python,1
1520,Whale,1
1521,Tux,1
1522,Fox,1
1523,Python,1
1524,Whale,1
1525,Tux,1
1526,Fox,1
1527,Python,1
1528,Whale,1
1529,Tux,1
1530,Fox,1
1531,Python,1
1532,Whale,1
1533,Tux,1
1534,Fox,1
1535,Python,1
1536,Whale,1
1537,Tux,1
1538,Fox,1
1539,Python,1
1540,Whale,1
1541,Tux,1
1542,Fox,1
1543,Python,1
1544,Whale,1
1545,Tux,1
1546,Fox,1
1547,Python,1
1548,Whale,1
1549,Tux,1
1550,Fox,1
1551,Python,1
1552,Whale,1
1553,Tux,1
1554,Fox,1
1555,Python,1
1556,Whale,1
1557,Tux,1
1558,Fox,1
1559,Python,1
1560,Whale,1
1561,Tux,1
1562,Fox,1
1563,Python,1
1564,Whale,1
1565,Tux,1
1566,Fox,1
1567,Python,1
1568,Whale,1
1569,Tux,1
1570,Fox,1
1571,Python,1
1572,Whale,1
1573,Tux,1
1574,Fox,1
1575,Python,1
1576,Whale,1
1577,Tux,1
1578,Fox,1
1579,Python,1
1580,Whale,1
1581,Tux,1
1582,Fox,1
1583,Python,1
1584,Whale,1
1585,Tux,1
1586,Fox,1
1587,Python,1
1588,Whale,1
1589,Tux,1
1590,Fox,1
1591,Python,1
1592,Whale,1
1593,Tux,1
1594,Fox,1
1595,Python,1
1596,Whale,1
1597,Tux,1
1598,Fox,1
1599,Python,1
1600,Whale,1
1601,Tux,1
1602,Fox,1
1603,Python,1
1604,Whale,1
1605,Tux,1
1606,Fox,1
1607,Python,1
1608,Whale,1
1609,Tux,1
1610,Fox,1
1611,Python,1
1612,Whale,1
1613,Tux,1
1614,Fox,1
1615,Python,1
1616,Whale,1
1617,Tux,1
1618,Fox,1
1619,Python,1
1620,Whale,1
1621,Tux,1
1622,Fox,1
1623,Python,1
1624,Whale,1
1625,Tux,1
1626,Fox,1
1627,Python,1
1628,Whale,1
1629,Tux,1
1630,Fox,1
1631,Python,1
1632,Whale,1
1633,Tux,1
1634,Fox,1
1635,Python,1
1636,Whale,1
1637,Tux,1
1638,Fox,1
1639,Python,1
1640,Whale,1
1641,Tux,1
1642,Fox,1
1643,Python,1
1644,Whale,1
1645,Tux,1
1646,Fox,1
1647,Python,1
1648,Whale,1
1649,Tux,1
1650,Fox,1
1651,Python,1
1652,Whale,1
1653,Tux,1
1654,Fox,1
1655,Python,1
1656,Whale,1
1657,Tux,1
1658,Fox,1
1659,Python,1
1660,Whale,1
1661,Tux,1
1662,Fox,1
1663,Python,1
1664,Whale,1
1665,Tux,1
1666,Fox,1
1667,Python,1
1668,Whale,1
1669,Tux,1
1670,Fox,1
1671,Python,1
1672,Whale,1
1673,Tux,1
1674,Fox,1
1675,Python,1
1676,Whale,1
1677,Tux,1
1678,Fox,1
1679,Python,1
1680,Whale,1
1681,Tux,1
1682,Fox,1
1683,Python,1
1684,Whale,1
1685,Tux,1
1686,Fox,1
1687,Python,1
1688,Whale,1
1689,Tux,1
1690,Fox,1
1691,Python,1
1692,Whale,1
1693,Tux,1
1694,Fox,1
1695,Python,1
1696,Whale,1
1697,Tux,1
1698,Fox,1
1699,Python,1
1700,Whale,1
1701,Tux,1
1702,Fox,1
1703,Python,1
1704,Whale,1
1705,Tux,1
1706,Fox,1
1707,Python,1
1708,Whale,1
1709,Tux,1
1710,Fox,1
1711,Python,1
1712,Whale,1
1713,Tux,1
1714,Fox,1
1715,Python,1
1716,Whale,1
1717,Tux,1
1718,Fox,1
1719,Python,1
1720,Whale,1
1721,Tux,1
1722,Fox,1
1723,Python,1
1724,Whale,1
1725,Tux,1
1726,Fox,1
1727,Python,1
1728,Whale,1
1729,Tux,1
1730,Fox,1
1731,Python,1
1732,Whale,1
1733,Tux,1
1734,Fox,1
1735,Python,1
1736,Whale,1
1737,Tux,1
1738,Fox,1
1739,Python,1
1740,Whale,1
1741,Tux,1
1742,Fox,1
1743,Python,1
1744,Whale,1
1745,Tux,1
1746,Fox,1
1747,Python,1
1748,Whale,1
1749,Tux,1
1750,Fox,1
1751,Python,1
1752,Whale,1
1753,Tux,1
1754,Fox,1
1755,Python,1
1756,Whale,1
1757,Tux,1
1758,Fox,1
1759,Python,1
1760,Whale,1
1761,Tux,1
1762,Fox,1
1763,Python,1
1764,Whale,1
1765,Tux,1
1766,Fox,1
1767,Python,1
1768,Whale,1
1769,Tux,1
1770,Fox,1
1771,Python,1
1772,Whale,1
1773,Tux,1
1774,Fox,1
1775,Python,1
1776,Whale,1
1777,Tux,1
1778,Fox,1
1779,Python,1
1780,Whale,1
1781,Tux,1
1782,Fox,1
1783,Python,1
1784,Whale,1
1785,Tux,1
1786,Fox,1
1787,Python,1
1788,Whale,1
1789,Tux,1
1790,Fox,1
1791,Python,1
1792,Whale,1
1793,Tux,1
1794,Fox,1
1795,Python,1
1796,Whale,1
1797,Tux,1
1798,Fox,1
1799,Python,1
1800,Whale,1
1801,Tux,1
1802,Fox,1
1803,Python,1
1804,Whale,1
1805,Tux,1
1806,Fox,1
1807,Python,1
1808,Whale,1
1809,Tux,1
1810,Fox,1
1811,Python,1
1812,Whale,1
1813,Tux,1
1814,Fox,1
1815,Python,1
1816,Whale,1
1817,Tux,1
1818,Fox,1
1819,Python,1
1820,Whale,1
1821,Tux,1
1822,Fox,1
1823,Python,1
1824,Whale,1
1825,Tux,1
1826,Fox,1
1827,Python,1
1828,Whale,1
1829,Tux,1
1830,Fox,1
1831,Python,1
1832,Whale,1
1833,Tux,1
1834,Fox,1
1835,Python,1
1836,Whale,1
1837,Tux,1
1838,Fox,1
1839,Python,1
1840,Whale,1
1841,Tux,1
1842,Fox,1
1843,Python,1
1844,Whale,1
1845,Tux,1
1846,Fox,1
1847,Python,1
1848,Whale,1
1849,Tux,1
1850,Fox,1
1851,Python,1
1852,Whale,1
1853,Tux,1
1854,Fox,1
1855,Python,1
1856,Whale,1
1857,Tux,1
1858,Fox,1
1859,Python,1
1860,Whale,1
1861,Tux,1
1862,Fox,1
1863,Python,1
1864,Whale,1
1865,Tux,1
1866,Fox,1
1867,Python,1
1868,Whale,1
1869,Tux,1
1870,Fox,1
1871,Python,1
1872,Whale,1
1873,Tux,1
1874,Fox,1
1875,Python,1
1876,Whale,1
1877,Tux,1
1878,Fox,1
1879,Python,1
1880,Whale,1
1881,Tux,1
1882,Fox,1
1883,Python,1
1884,Whale,1
1885,Tux,1
1886,Fox,1
1887,Python,1
1888,Whale,1
1889,Tux,1
1890,Fox,1
1891,Python,1
1892,Whale,1
1893,Tux,1
1894,Fox,1
1895,Python,1
1896,Whale,1
1897,Tux,1
1898,Fox,1
1899,Python,1
1900,Whale,1
1901,Tux,1
1902,Fox,1
1903,Python,1
1904,Whale,1
1905,Tux,1
1906,Fox,1
1907,Python,1
1908,Whale,1
1909,Tux,1
1910,Fox,1
1911,Python,1
1912,Whale,1
1913,Tux,1
1914,Fox,1
1915,Python,1
1916,Whale,1
1917,Tux,1
1918,Fox,1
1919,Python,1
1920,Whale,1
1921,Tux,1
1922,Fox,1
1923,Python,1
1924,Whale,1
1925,Tux,1
1926,Fox,1
1927,Python,1
1928,Whale,1
1929,Tux,1
1930,Fox,1
1931,Python,1
1932,Whale,1
1933,Tux,1
1934,Fox,1
1935,Python,1
1936,Whale,1
1937,Tux,1
1938,Fox,1
1939,Python,1
1940,Whale,1
1941,Tux,1
1942,Fox,1
1943,Python,1
1944,Whale,1
1945,Tux,1
1946,Fox,1
1947,Python,1
1948,Whale,1
1949,Tux,1
1950,Fox,1
1951,Python,1
1952,Whale,1
1953,Tux,1
1954,Fox,1
1955,Python,1
1956,Whale,1
1957,Tux,1
1958,Fox,1
1959,Python,1
1960,Whale,1
1961,Tux,1
1962,Fox,1
1963,Python,1
1964,Whale,1
1965,Tux,1
1966,Fox,1
1967,Python,1
1968,Whale,1
1969,Tux,1
1970,Fox,1
1971,Python,1
1972,Whale,1
1973,Tux,1
1974,Fox,1
1975,Python,1
1976,Whale,1
1977,Tux,1
1978,Fox,1
1979,Python,1
1980,Whale,1
1981,Tux,1
1982,Fox,1
1983,Python,1
1984,Whale,1
1985,Tux,1
1986,Fox,1
1987,Python,1
1988,Whale,1
1989,Tux,1
1990,Fox,1
1991,Python,1
1992,Whale,1
1993,Tux,1
1994,Fox,1
1995,Python,1
1996,Whale,1
1997,Tux,1
1998,Fox,1
1999,Python,1
2000,Whale,1
2001,Tux,1
2002,Fox,1
2003,Python,1
2004,Whale,1
2005,Tux,1
2006,Fox,1
2007,Python,1
2008,Whale,1
2009,Tux,1
2010,Fox,1
2011,Python,1
2012,Whale,1
2013,Tux,1
2014,Fox,1
2015,Python,1
2016,Whale,1
2017,Tux,1
2018,Fox,1
2019,Python,1
2020,Whale,1
2021,Tux,1
2022,Fox,1
2023,Python,1
2024,Whale,1
2025,Tux,1
2026,Fox,1
2027,Python,1
2028,Whale,1
2029,Tux,1
2030,Fox,1
2031,Python,1
2032,Whale,1
2033,Tux,1
2034,Fox,1
2035,Python,1
2036,Whale,1
2037,Tux,1
2038,Fox,1
2039,Python,1
2040,Whale,1
2041,Tux,1
2042,Fox,1
2043,Python,1
2044,Whale,1
2045,Tux,1
2046,Fox,1
2047,Python,1
2048,Whale,1
2049,Tux,1
2050,Fox,1
2051,Python,1
2052,Whale,1
2053,Tux,1
2054,Fox,1
2055,Python,1
2056,Whale,1
2057,Tux,1
2058,Fox,1
2059,Python,1
2060,Whale,1
2061,Tux,1
2062,Fox,1
2063,Python,1
2064,Whale,1
2065,Tux,1
2066,Fox,1
2067,Python,1
2068,Whale,1
2069,Tux,1
2070,Fox,1
2071,Python,1
2072,Whale,1
2073,Tux,1
2074,Fox,1
2075,Python,1
2076,Whale,1
2077,Tux,1
2078,Fox,1
2079,Python,1
2080,Whale,1
2081,Tux,1
2082,Fox,1
2083,Python,1
2084,Whale,1
2085,Tux,1
2086,Fox,1
2087,Python,1
2088,Whale,1
2089,Tux,1
2090,Fox,1
2091,Python,1
2092,Whale,1
2093,Tux,1
2094,Fox,1
2095,Python,1
2096,Whale,1
2097,Tux,1
2098,Fox,1
2099,Python,1
2100,Whale,1
2101,Tux,1
2102,Fox,1
2103,Python,1
2104,Whale,1
2105,Tux,1
2106,Fox,1
2107,Python,1
2108,Whale,1
2109,Tux,1
2110,Fox,1
2111,Python,1
2112,Whale,1
2113,Tux,1
2114,Fox,1
2115,Python,1
2116,Whale,1
2117,Tux,1
2118,Fox,1
2119,Python,1
2120,Whale,1
2121,Tux,1
2122,Fox,1
2123,Python,1
2124,Whale,1
2125,Tux,1
2126,Fox,1
2127,Python,1
2128,Whale,1
2129,Tux,1
2130,Fox,1
2131,Python,1
2132,Whale,1
2133,Tux,1
2134,Fox,1
2135,Python,1
2136,Whale,1
2137,Tux,1
2138,Fox,1
2139,Python,1
2140,Whale,1
2141,Tux,1
2142,Fox,1
2143,Python,1
2144,Whale,1
2145,Tux,1
2146,Fox,1
2147,Python,1
2148,Whale,1
2149,Tux,1
2150,Fox,1
2151,Python,1
2152,Whale,1
2153,Tux,1
2154,Fox,1
2155,Python,1
2156,Whale,1
2157,Tux,1
2158,Fox,1
2159,Python,1
2160,Whale,1
2161,Tux,1
2162,Fox,1
2163,Python,1
2164,Whale,1
2165,Tux,1
2166,Fox,1
2167,Python,1
2168,Whale,1
2169,Tux,1
2170,Fox,1
2171,Python,1
2172,Whale,1
2173,Tux,1
2174,Fox,1
2175,Python,1
2176,Whale,1
2177,Tux,1
2178,Fox,1
2179,Python,1
2180,Whale,1
2181,Tux,1
2182,Fox,1
2183,Python,1
2184,Whale,1
2185,Tux,1
2186,Fox,1
2187,Python,1
2188,Whale,1
2189,Tux,1
2190,Fox,1
2191,Python,1
2192,Whale,1
2193,Tux,1
2194,Fox,1
2195,Python,1
2196,Whale,1
2197,Tux,1
2198,Fox,1
2199,Python,1
2200,Whale,1
2201,Tux,1
2202,Fox,1
2203,Python,1
2204,Whale,1
2205,Tux,1
2206,Fox,1
2207,Python,1
2208,Whale,1
2209,Tux,1
2210,Fox,1
2211,Python,1
2212,Whale,1
2213,Tux,1
2214,Fox,1
2215,Python,1
2216,Whale,1
2217,Tux,1
2218,Fox,1
2219,Python,1
2220,Whale,1
2221,Tux,1
2222,Fox,1
2223,Python,1
2224,Whale,1
2225,Tux,1
2226,Whale,1
2227,Fox,1
2228,Tux,1
2229,Python,1
2230,Fox,1
2231,Whale,1
2232,Python,1
2233,Tux,1
2234,Whale,1
2235,Fox,1
2236,Tux,1
2237,Python,1
2238,Fox,1
2239,Whale,1
2240,Python,1
2241,Tux,1
2242,Whale,1
2243,Fox,1
2244,Tux,1
2245,Python,1
2246,Fox,1
2247,Whale,1
2248,Python,1
2249,Tux,1
2250,Fox,1
2251,Whale,1
2252,Python,1
2253,Tux,1
2254,Whale,1
2255,Fox,1
2256,Tux,1
2257,Python,1
2258,Fox,1
2259,Whale,1
2260,Python,1
2261,Tux,1
2262,Whale,1
2263,Fox,1
2264,Python,1
2265,Tux,1
2266,Fox,1
2267,Whale,1
2268,Tux,1
2269,Python,1
2270,Fox,1
2271,Whale,1
2272,Python,1
2273,Tux,1
2274,Fox,1
2275,Whale,1
2276,Python,1
2277,Tux,1
2278,Whale,1
2279,Fox,1
2280,Tux,1
2281,Python,1
2282,Fox,1
2283,Whale,1
2284,Python,1
2285,Tux,1
2286,Whale,1
2287,Fox,1
2288,Tux,1
2289,Python,1
2290,Fox,1
2291,Whale,1
2292,Python,1
2293,Tux,1
2294,Whale,1
2295,Fox,1
2296,Python,1
2297,Tux,1
2298,Whale,1
2299,Fox,1
2300,Python,1
2301,Tux,1
2302,Whale,1
2303,Fox,1
2304,Python,1
2305,Tux,1
2306,Fox,1
2307,Whale,1
2308,Tux,1
2309,Python,1
2310,Whale,1
2311,Fox,1
2312,Whale,1
2313,Tux,1
2314,Tux,1
2315,Python,1
2316,Fox,1
2317,Fox,1
2318,Whale,1
2319,Python,1
2320,Tux,1
2321,Python,1
2322,Whale,1
2323,Whale,1
2324,Fox,1
2325,Tux,1
2326,Python,1
2327,Fox,1
2328,Tux,1
2329,Whale,1
2330,Fox,1
2331,Python,1
2332,Tux,1
2333,Whale,1
2334,Python,1
2335,Fox,1
2336,Tux,1
2337,Whale,1
2338,Python,1
2339,Fox,1
2340,Tux,1
2341,Whale,1
2342,Fox,1
2343,Python,1
2344,Tux,1
2345,Python,1
2346,Whale,1
2347,Fox,1
2348,Python,1
2349,Tux,1
2350,Whale,1
2351,Whale,1
2352,Fox,1
2353,Tux,1
2354,Fox,1
2355,Tux,1
2356,Python,1
2357,Python,1
2358,Fox,1
2359,Whale,1
2360,Python,1
2361,Whale,1
2362,Tux,1
2363,Tux,1
2364,Whale,1
2365,Fox,1
2366,Fox,1
2367,Tux,1
2368,Python,1
2369,Fox,1
2370,Whale,1
2371,Python,1
2372,Tux,1
2373,Python,1
2374,Whale,1
2375,Fox,1
2376,Whale,1
2377,Tux,1
2378,Python,1
2379,Tux,1
2380,Fox,1
2381,Whale,1
2382,Fox,1
2383,Python,1
2384,Whale,1
2385,Tux,1
2386,Python,1
2387,Tux,1
2388,Whale,1
2389,Fox,1
2390,Python,1
2391,Fox,1
2392,Tux,1
2393,Python,1
2394,Whale,1
2395,Fox,1
2396,Tux,1
2397,Whale,1
2398,Python,1
2399,Fox,1
2400,Whale,1
2401,Tux,1
2402,Python,1
2403,Tux,1
2404,Fox,1
2405,Whale,1
2406,Fox,1
2407,Python,1
2408,Whale,1
2409,Tux,1
2410,Python,1
2411,Tux,1
2412,Fox,1
2413,Whale,1
2414,Tux,1
2415,Fox,1
2416,Python,1
2417,Fox,1
2418,Whale,1
2419,Python,1
2420,Tux,1
2421,Whale,1
2422,Python,1
2423,Whale,1
2424,Tux,1
2425,Fox,1
2426,Tux,1
2427,Fox,1
2428,Python,1
2429,Fox,1
2430,Python,1
2431,Whale,1
2432,Tux,1
2433,Python,1
2434,Whale,1
2435,Fox,1
2436,Whale,1
2437,Tux,1
2438,Python,1
2439,Tux,1
2440,Fox,1
2441,Python,1
2442,Whale,1
2443,Fox,1
2444,Whale,1
2445,Tux,1
2446,Python,1
2447,Whale,1
2448,Tux,1
2449,Fox,1
2450,Python,1
2451,Tux,1
2452,Fox,1
2453,Python,1
2454,Whale,1
2455,Fox,1
2456,Python,1
2457,Tux,1
2458,Whale,1
2459,Fox,1
2460,Whale,1
2461,Tux,1
2462,Tux,1
2463,Python,1
2464,Fox,1
2465,Fox,1
2466,Whale,1
2467,Python,1
2468,Python,1
2469,Whale,1
2470,Whale,1
2471,Tux,1
2472,Tux,1
2473,Fox,1
2474,Fox,1
2475,Tux,1
2476,Python,1
2477,Python,1
2478,Fox,1
2479,Whale,1
2480,Whale,1
2481,Python,1
2482,Tux,1
2483,Whale,1
2484,Tux,1
2485,Tux,1
2486,Fox,1
2487,Fox,1
2488,Fox,1
2489,Python,1
2490,Python,1
2491,Python,1
2492,Whale,1
2493,Whale,1
2494,Whale,1
2495,Tux,1
2496,Tux,1
2497,Fox,1
2498,Fox,1
2499,Tux,1
2500,Fox,1
2501,Python,1
2502,Python,1
2503,Whale,1
2504,Whale,1
2505,Python,1
2506,Whale,1
2507,Tux,1
2508,Tux,1
2509,Fox,1
2510,Fox,1
2511,Tux,1
2512,Whale,1
2513,Python,1
2514,Python,1
2515,Fox,1
2516,Tux,1
2517,Whale,1
2518,Whale,1
2519,Python,1
2520,Tux,1
2521,Tux,1
2522,Fox,1
2523,Whale,1
2524,Fox,1
2525,Fox,1
2526,Python,1
2527,Tux,1
2528,Python,1
2529,Fox,1
2530,Python,1
2531,Whale,1
2532,Whale,1
2533,Python,1
2534,Whale,1
2535,Tux,1
2536,Tux,1
2537,Whale,1
2538,Fox,1
2539,Tux,1
2540,Fox,1
2541,Python,1
2542,Fox,1
2543,Tux,1
2544,Python,1
2545,Python,1
2546,Whale,1
2547,Fox,1
2548,Whale,1
2549,Python,1
2550,Whale,1
2551,Tux,1
2552,Tux,1
2553,Fox,1
2554,Fox,1
2555,Whale,1
2556,Tux,1
2557,Fox,1
2558,Python,1
2559,Tux,1
2560,Python,1
2561,Whale,1
2562,Fox,1
2563,Python,1
2564,Whale,1
2565,Whale,1
2566,Python,1
2567,Tux,1
2568,Tux,1
2569,Whale,1
2570,Fox,1
2571,Tux,1
2572,Fox,1
2573,Python,1
2574,Tux,1
2575,Python,1
2576,Fox,1
2577,Python,1
2578,Whale,1
2579,Whale,1
2580,Fox,1
2581,Tux,1
2582,Whale,1
2583,Python,1
2584,Tux,1
2585,Tux,1
2586,Fox,1
2587,Fox,1
2588,Whale,1
2589,Python,1
2590,Fox,1
2591,Python,1
2592,Tux,1
2593,Python,1
2594,Whale,1
2595,Fox,1
2596,Whale,1
2597,Whale,1
2598,Tux,1
2599,Python,1
2600,Tux,1
2601,Fox,1
2602,Tux,1
2603,Whale,1
2604,Fox,1
2605,Python,1
2606,Fox,1
2607,Tux,1
2608,Python,1
2609,Whale,1
2610,Python,1
2611,Fox,1
2612,Whale,1
2613,Tux,1
2614,Tux,1
2615,Python,1
2616,Whale,1
2617,Fox,1
2618,Whale,1
2619,Fox,1
2620,Tux,1
2621,Python,1
2622,Tux,1
2623,Fox,1
2624,Python,1
2625,Whale,1
2626,Fox,1
2627,Python,1
2628,Whale,1
2629,Tux,1
2630,Python,1
2631,Fox,1
2632,Whale,1
2633,Tux,1
2634,Whale,1
2635,Tux,1
2636,Fox,1
2637,Python,1
2638,Tux,1
2639,Python,1
2640,Fox,1
2641,Whale,1
2642,Tux,1
2643,Python,1
2644,Fox,1
2645,Whale,1
2646,Python,1
2647,Fox,1
2648,Whale,1
2649,Tux,1
2650,Whale,1
2651,Python,1
2652,Tux,1
2653,Fox,1
2654,Whale,1
2655,Python,1
2656,Fox,1
2657,Tux,1
2658,Python,1
2659,Tux,1
2660,Whale,1
2661,Fox,1
2662,Tux,1
2663,Fox,1
2664,Python,1
2665,Whale,1
2666,Whale,1
2667,Fox,1
2668,Tux,1
2669,Python,1
2670,Tux,1
2671,Python,1
2672,Whale,1
2673,Fox,1
2674,Tux,1
2675,Whale,1
2676,Fox,1
2677,Python,1
2678,Whale,1
2679,Python,1
2680,Tux,1
2681,Fox,1
2682,Whale,1
2683,Tux,1
2684,Python,1
2685,Fox,1
2686,Python,1
2687,Fox,1
2688,Whale,1
2689,Tux,1
2690,Whale,1
2691,Python,1
2692,Fox,1
2693,Tux,1
2694,Python,1
2695,Tux,1
2696,Fox,1
2697,Whale,1
2698,Python,1
2699,Whale,1
2700,Tux,1
2701,Fox,1
2702,Tux,1
2703,Fox,1
2704,Whale,1
2705,Python,1
2706,Fox,1
2707,Tux,1
2708,Whale,1
2709,Python,1
2710,Fox,1
2711,Tux,1
2712,Python,1
2713,Whale,1
2714,Whale,1
2715,Tux,1
2716,Python,1
2717,Fox,1
2718,Fox,1
2719,Whale,1
2720,Tux,1
2721,Python,1
2722,Tux,1
2723,Fox,1
2724,Python,1
2725,Whale,1
2726,Fox,1
2727,Whale,1
2728,Python,1
2729,Tux,1
2730,Whale,1
2731,Python,1
2732,Tux,1
2733,Fox,1
2734,Tux,1
2735,Fox,1
2736,Whale,1
2737,Python,1
2738,Tux,1
2739,Python,1
2740,Fox,1
2741,Whale,1
2742,Tux,1
2743,Whale,1
2744,Fox,1
2745,Python,1
2746,Tux,1
2747,Fox,1
2748,Whale,1
2749,Python,1
2750,Python,1
2751,Whale,1
2752,Tux,1
2753,Fox,1
2754,Python,1
2755,Whale,1
2756,Fox,1
2757,Tux,1
2758,Tux,1
2759,Fox,1
2760,Python,1
2761,Whale,1
2762,Fox,1
2763,Python,1
2764,Tux,1
2765,Whale,1
2766,Python,1
2767,Whale,1
2768,Tux,1
2769,Fox,1
2770,Whale,1
2771,Tux,1
2772,Fox,1
2773,Python,1
2774,Tux,1
2775,Whale,1
2776,Fox,1
2777,Fox,1
2778,Python,1
2779,Python,1
2780,Tux,1
2781,Python,1
2782,Whale,1
2783,Fox,1
2784,Tux,1
2785,Whale,1
2786,Whale,1
2787,Tux,1
2788,Fox,1
2789,Python,1
2790,Tux,1
2791,Fox,1
2792,Fox,1
2793,Whale,1
2794,Python,1
2795,Whale,1
2796,Python,1
2797,Tux,1
2798,Python,1
2799,Whale,1
2800,Tux,1
2801,Fox,1
2802,Whale,1
2803,Fox,1
2804,Python,1
2805,Tux,1
2806,Tux,1
2807,Fox,1
2808,Whale,1
2809,Python,1
2810,Fox,1
2811,Python,1
2812,Python,1
2813,Whale,1
2814,Tux,1
2815,Tux,1
2816,Fox,1
2817,Whale,1
2818,Whale,1
2819,Fox,1
2820,Python,1
2821,Tux,1
2822,Tux,1
2823,Fox,1
2824,Python,1
2825,Fox,1
2826,Whale,1
2827,Tux,1
2828,Python,1
2829,Whale,1
2830,Python,1
2831,Tux,1
2832,Whale,1
2833,Whale,1
2834,Fox,1
2835,Fox,1
2836,Python,1
2837,Tux,1
2838,Tux,1
2839,Fox,1
2840,Whale,1
2841,Python,1
2842,Fox,1
2843,Tux,1
2844,Python,1
2845,Whale,1
2846,Python,1
2847,Whale,1
2848,Tux,1
2849,Whale,1
2850,Fox,1
2851,Tux,1
2852,Tux,1
2853,Fox,1
2854,Python,1
2855,Fox,1
2856,Whale,1
2857,Fox,1
2858,Python,1
2859,Tux,1
2860,Python,1
2861,Python,1
2862,Whale,1
2863,Fox,1
2864,Whale,1
2865,Whale,1
2866,Tux,1
2867,Tux,1
2868,Python,1
2869,Fox,1
2870,Tux,1
2871,Fox,1
2872,Python,1
2873,Whale,1
2874,Fox,1
2875,Python,1
2876,Whale,1
2877,Python,1
2878,Tux,1
2879,Whale,1
2880,Fox,1
2881,Tux,1
2882,Whale,1
2883,Tux,1
2884,Fox,1
2885,Python,1
2886,Tux,1
2887,Fox,1
2888,Python,1
2889,Whale,1
2890,Fox,1
2891,Python,1
2892,Tux,1
2893,Python,1
2894,Whale,1
2895,Whale,1
2896,Fox,1
2897,Whale,1
2898,Tux,1
2899,Tux,1
2900,Fox,1
2901,Python,1
2902,Tux,1
2903,Fox,1
2904,Whale,1
2905,Fox,1
2906,Python,1
2907,Python,1
2908,Whale,1
2909,Whale,1
2910,Tux,1
2911,Python,1
2912,Tux,1
2913,Fox,1
2914,Whale,1
2915,Tux,1
2916,Fox,1
2917,Fox,1
2918,Tux,1
2919,Python,1
2920,Whale,1
2921,Python,1
2922,Python,1
2923,Fox,1
2924,Tux,1
2925,Whale,1
2926,Whale,1
2927,Python,1
2928,Whale,1
2929,Tux,1
2930,Tux,1
2931,Fox,1
2932,Python,1
2933,Fox,1
2934,Fox,1
2935,Tux,1
2936,Python,1
2937,Whale,1
2938,Python,1
2939,Fox,1
2940,Tux,1
2941,Python,1
2942,Whale,1
2943,Whale,1
2944,Tux,1
2945,Fox,1
2946,Tux,1
2947,Whale,1
2948,Tux,1
2949,Fox,1
2950,Fox,1
2951,Python,1
2952,Whale,1
2953,Python,1
2954,Python,1
2955,Fox,1
2956,Whale,1
2957,Tux,1
2958,Whale,1
2959,Python,1
2960,Tux,1
2961,Fox,1
2962,Tux,1
2963,Whale,1
2964,Fox,1
2965,Fox,1
2966,Python,1
2967,Tux,1
2968,Python,1
2969,Python,1
2970,Whale,1
2971,Fox,1
2972,Tux,1
2973,Whale,1
2974,Whale,1
2975,Python,1
2976,Tux,1
2977,Fox,1
2978,Tux,1
2979,Whale,1
2980,Fox,1
2981,Python,1
2982,Fox,1
2983,Tux,1
2984,Whale,1
2985,Python,1
2986,Python,1
2987,Fox,1
2988,Whale,1
2989,Tux,1
2990,Python,1
2991,Whale,1
2992,Tux,1
2993,Fox,1
2994,Tux,1
2995,Whale,1
2996,Fox,1
2997,Python,1
2998,Fox,1
2999,Tux,1
3000,Python,1
3001,Whale,1
3002,Fox,1
3003,Python,1
3004,Whale,1
3005,Whale,1
3006,Tux,1
3007,Python,1
3008,Tux,1
3009,Whale,1
3010,Fox,1
3011,Tux,1
3012,Fox,1
3013,Fox,1
3014,Python,1
3015,Python,1
3016,Tux,1
3017,Whale,1
3018,Whale,1
3019,Python,1
3020,Fox,1
3021,Tux,1
3022,Whale,1
3023,Tux,1
3024,Python,1
3025,Fox,1
3026,Tux,1
3027,Fox,1
3028,Whale,1
3029,Tux,1
3030,Python,1
3031,Fox,1
3032,Python,1
3033,Fox,1
3034,Python,1
3035,Whale,1
3036,Whale,1
3037,Whale,1
3038,Python,1
3039,Tux,1
3040,Tux,1
3041,Whale,1
3042,Fox,1
3043,Fox,1
3044,Tux,1
3045,Python,1
3046,Tux,1
3047,Python,1
3048,Fox,1
3049,Whale,1
3050,Fox,1
3051,Python,1
3052,Whale,1
3053,Tux,1
3054,Python,1
3055,Whale,1
3056,Tux,1
3057,Fox,1
3058,Whale,1
3059,Fox,1
3060,Tux,1
3061,Python,1
3062,Python,1
3063,Tux,1
3064,Fox,1
3065,Whale,1
3066,Whale,1
3067,Whale,1
3068,Python,1
3069,Fox,1
3070,Tux,1
3071,Tux,1
3072,Tux,1
3073,Fox,1
3074,Python,1
3075,Whale,1
3076,Fox,1
3077,Fox,1
3078,Whale,1
3079,Tux,1
3080,Python,1
3081,Python,1
3082,Whale,1
3083,Fox,1
3084,Python,1
3085,Tux,1
3086,Whale,1
3087,Python,1
3088,Tux,1
3089,Whale,1
3090,Fox,1
3091,Tux,1
3092,Tux,1
3093,Python,1
3094,Fox,1
3095,Whale,1
3096,Fox,1
3097,Whale,1
3098,Python,1
3099,Tux,1
3100,Fox,1
3101,Python,1
3102,Python,1
3103,Tux,1
3104,Whale,1
3105,Whale,1
3106,Fox,1
3107,Fox,1
3108,Tux,1
3109,Whale,1
3110,Tux,1
3111,Python,1
3112,Python,1
3113,Fox,1
3114,Tux,1
3115,Fox,1
3116,Whale,1
3117,Whale,1
3118,Python,1
3119,Tux,1
3120,Python,1
3121,Fox,1
3122,Whale,1
3123,Tux,1
3124,Fox,1
3125,Python,1
3126,Whale,1
3127,Tux,1
3128,Fox,1
3129,Python,1
3130,Whale,1
3131,Tux,1
3132,Tux,1
3133,Fox,1
3134,Python,1
3135,Fox,1
3136,Whale,1
3137,Tux,1
3138,Python,1
3139,Fox,1
3140,Whale,1
3141,Python,1
3142,Tux,1
3143,Fox,1
3144,Whale,1
3145,Python,1
3146,Whale,1
3147,Tux,1
3148,Fox,1
3149,Python,1
3150,Whale,1
3151,Tux,1
3152,Fox,1
3153,Python,1
3154,Whale,1
3155,Tux,1
3156,Fox,1
3157,Python,1
3158,Fox,1
3159,Tux,1
3160,Whale,1
3161,Python,1
3162,Fox,1
3163,Python,1
3164,Whale,1
3165,Tux,1
3166,Whale,1
3167,Tux,1
3168,Tux,1
3169,Python,1
3170,Fox,1
3171,Whale,1
3172,Tux,1
3173,Fox,1
3174,Python,1
3175,Fox,1
3176,Whale,1
3177,Fox,1
3178,Tux,1
3179,Whale,1
3180,Python,1
3181,Python,1
3182,Whale,1
3183,Fox,1
3184,Python,1
3185,Tux,1
3186,Whale,1
3187,Tux,1
3188,Fox,1
3189,Python,1
3190,Whale,1
3191,Tux,1
3192,Whale,1
3193,Tux,1
3194,Python,1
3195,Fox,1
3196,Fox,1
3197,Fox,1
3198,Tux,1
3199,Python,1
3200,Whale,1
3201,Python,1
3202,Tux,1
3203,Whale,1
3204,Whale,1
3205,Python,1
3206,Fox,1
3207,Tux,1
3208,Whale,1
3209,Tux,1
3210,Fox,1
3211,Python,1
3212,Whale,1
3213,Fox,1
3214,Tux,1
3215,Python,1
3216,Fox,1
3217,Fox,1
3218,Python,1
3219,Tux,1
3220,Python,1
3221,Whale,1
3222,Fox,1
3223,Python,1
3224,Whale,1
3225,Tux,1
3226,Whale,1
3227,Tux,1
3228,Python,1
3229,Fox,1
3230,Whale,1
3231,Tux,1
3232,Tux,1
3233,Fox,1
3234,Python,1
3235,Whale,1
3236,Fox,1
3237,Tux,1
3238,Python,1
3239,Whale,1
3240,Python,1
3241,Fox,1
3242,Fox,1
3243,Python,1
3244,Whale,1
3245,Whale,1
3246,Tux,1
3247,Python,1
3248,Fox,1
3249,Whale,1
3250,Tux,1
3251,Tux,1
3252,Whale,1
3253,Tux,1
3254,Python,1
3255,Fox,1
3256,Fox,1
3257,Whale,1
3258,Python,1
3259,Python,1
3260,Fox,1
3261,Tux,1
3262,Tux,1
3263,Python,1
3264,Whale,1
3265,Whale,1
3266,Fox,1
3267,Whale,1
3268,Fox,1
3269,Tux,1
3270,Tux,1
3271,Python,1
3272,Tux,1
3273,Fox,1
3274,Python,1
3275,Whale,1
3276,Fox,1
3277,Fox,1
3278,Tux,1
3279,Python,1
3280,Whale,1
3281,Python,1
3282,Python,1
3283,Tux,1
3284,Whale,1
3285,Whale,1
3286,Fox,1
3287,Whale,1
3288,Python,1
3289,Tux,1
3290,Fox,1
3291,Tux,1
3292,Tux,1
3293,Fox,1
3294,Fox,1
3295,Fox,1
3296,Python,1
3297,Whale,1
3298,Python,1
3299,Whale,1
3300,Python,1
3301,Tux,1
3302,Python,1
3303,Fox,1
3304,Whale,1
3305,Tux,1
3306,Whale,1
3307,Whale,1
3308,Tux,1
3309,Tux,1
3310,Tux,1
3311,Fox,1
3312,Python,1
3313,Fox,1
3314,Whale,1
3315,Python,1
3316,Fox,1
3317,Fox,1
3318,Python,1
3319,Whale,1
3320,Python,1
3321,Tux,1
3322,Python,1
3323,Whale,1
3324,Tux,1
3325,Whale,1
3326,Whale,1
3327,Fox,1
3328,Fox,1
3329,Tux,1
3330,Tux,1
3331,Python,1
3332,Tux,1
3333,Whale,1
3334,Fox,1
3335,Fox,1
3336,Fox,1
3337,Python,1
3338,Tux,1
3339,Python,1
3340,Whale,1
3341,Python,1
3342,Python,1
3343,Tux,1
3344,Fox,1
3345,Whale,1
3346,Whale,1
3347,Whale,1
3348,Fox,1
3349,Python,1
3350,Tux,1
3351,Tux,1
3352,Tux,1
3353,Whale,1
3354,Python,1
3355,Fox,1
3356,Fox,1
3357,Fox,1
3358,Python,1
3359,Whale,1
3360,Python,1
3361,Python,1
3362,Tux,1
3363,Fox,1
3364,Whale,1
3365,Whale,1
3366,Tux,1
3367,Whale,1
3368,Python,1
3369,Tux,1
3370,Tux,1
3371,Fox,1
3372,Tux,1
3373,Fox,1
3374,Python,1
3375,Fox,1
3376,Fox,1
3377,Whale,1
3378,Python,1
3379,Python,1
3380,Python,1
3381,Tux,1
3382,Whale,1
3383,Whale,1
3384,Tux,1
3385,Whale,1
3386,Fox,1
3387,Whale,1
3388,Tux,1
3389,Python,1
3390,Fox,1
3391,Tux,1
3392,Tux,1
3393,Python,1
3394,Fox,1
3395,Fox,1
3396,Fox,1
3397,Whale,1
3398,Whale,1
3399,Python,1
3400,Python,1
3401,Tux,1
3402,Python,1
3403,Whale,1
3404,Whale,1
3405,Whale,1
3406,Tux,1
3407,Fox,1
3408,Tux,1
3409,Fox,1
3410,Tux,1
3411,Python,1
3412,Tux,1
3413,Python,1
3414,Fox,1
3415,Fox,1
3416,Whale,1
3417,Fox,1
3418,Python,1
3419,Python,1
3420,Whale,1
3421,Tux,1
3422,Python,1
3423,Whale,1
3424,Whale,1
3425,Fox,1
3426,Tux,1
3427,Whale,1
3428,Tux,1
3429,Tux,1
3430,Tux,1
3431,Python,1
3432,Fox,1
3433,Fox,1
3434,Fox,1
3435,Whale,1
3436,Python,1
3437,Fox,1
3438,Python,1
3439,Python,1
3440,Whale,1
3441,Python,1
3442,Tux,1
3443,Whale,1
3444,Tux,1
3445,Whale,1
3446,Whale,1
3447,Fox,1
3448,Tux,1
3449,Tux,1
3450,Python,1
3451,Fox,1
3452,Tux,1
3453,Fox,1
3454,Whale,1
3455,Fox,1
3456,Python,1
3457,Fox,1
3458,Python,1
3459,Python,1
3460,Whale,1
3461,Tux,1
3462,Python,1
3463,Fox,1
3464,Whale,1
3465,Whale,1
3466,Tux,1
3467,Whale,1
3468,Fox,1
3469,Python,1
3470,Tux,1
3471,Tux,1
3472,Tux,1
3473,Whale,1
3474,Fox,1
3475,Python,1
3476,Fox,1
3477,Fox,1
3478,Whale,1
3479,Python,1
3480,Tux,1
3481,Python,1
3482,Python,1
3483,Tux,1
3484,Whale,1
3485,Whale,1
3486,Whale,1
3487,Fox,1
3488,Tux,1
3489,Fox,1
3490,Tux,1
3491,Tux,1
3492,Python,1
3493,Fox,1
3494,Fox,1
3495,Python,1
3496,Fox,1
3497,Python,1
3498,Whale,1
3499,Python,1
3500,Whale,1
3501,Python,1
3502,Whale,1
3503,Tux,1
3504,Whale,1
3505,Tux,1
3506,Whale,1
3507,Tux,1
3508,Fox,1
3509,Tux,1
3510,Fox,1
3511,Tux,1
3512,Fox,1
3513,Python,1
3514,Fox,1
3515,Python,1
3516,Fox,1
3517,Python,1
3518,Whale,1
3519,Python,1
3520,Whale,1
3521,Python,1
3522,Tux,1
3523,Tux,1
3524,Whale,1
3525,Whale,1
3526,Whale,1
3527,Tux,1
3528,Fox,1
3529,Fox,1
3530,Tux,1
3531,Tux,1
3532,Fox,1
3533,Fox,1
3534,Python,1
3535,Python,1
3536,Fox,1
3537,Whale,1
3538,Python,1
3539,Python,1
3540,Python,1
3541,Whale,1
3542,Tux,1
3543,Whale,1
3544,Whale,1
3545,Tux,1
3546,Whale,1
3547,Fox,1
3548,Fox,1
3549,Tux,1
3550,Tux,1
3551,Tux,1
3552,Fox,1
3553,Fox,1
3554,Python,1
3555,Python,1
3556,Fox,1
3557,Python,1
3558,Whale,1
3559,Whale,1
3560,Python,1
3561,Python,1
3562,Whale,1
3563,Tux,1
3564,Whale,1
3565,Whale,1
3566,Tux,1
3567,Tux,1
3568,Tux,1
3569,Fox,1
3570,Fox,1
3571,Tux,1
3572,Python,1
3573,Python,1
3574,Fox,1
3575,Fox,1
3576,Fox,1
3577,Python,1
3578,Python,1
3579,Whale,1
3580,Whale,1
3581,Python,1
3582,Tux,1
3583,Whale,1
3584,Tux,1
3585,Whale,1
3586,Whale,1
3587,Fox,1
3588,Tux,1
3589,Tux,1
3590,Fox,1
3591,Tux,1
3592,Fox,1
3593,Python,1
3594,Fox,1
3595,Fox,1
3596,Python,1
3597,Whale,1
3598,Python,1
3599,Python,1
3600,Whale,1
3601,Python,1
3602,Tux,1
3603,Whale,1
3604,Tux,1
3605,Whale,1
3606,Whale,1
3607,Tux,1
3608,Fox,1
3609,Tux,1
3610,Fox,1
3611,Tux,1
3612,Fox,1
3613,Python,1
3614,Fox,1
3615,Fox,1
3616,Python,1
3617,Python,1
3618,Python,1
3619,Whale,1
3620,Python,1
3621,Whale,1
3622,Whale,1
3623,Whale,1
3624,Tux,1
3625,Tux,1
3626,Whale,1
3627,Tux,1
3628,Fox,1
3629,Tux,1
3630,Fox,1
3631,Tux,1
3632,Python,1
3633,Fox,1
3634,Python,1
3635,Fox,1
3636,Fox,1
3637,Whale,1
3638,Python,1
3639,Python,1
3640,Whale,1
3641,Python,1
3642,Whale,1
3643,Whale,1
3644,Tux,1
3645,Whale,1
3646,Tux,1
3647,Tux,1
3648,Tux,1
3649,Fox,1
3650,Fox,1
3651,Tux,1
3652,Python,1
3653,Python,1
3654,Fox,1
3655,Fox,1
3656,Fox,1
3657,Whale,1
3658,Python,1
3659,Python,1
3660,Python,1
3661,Whale,1
3662,Tux,1
3663,Whale,1
3664,Whale,1
3665,Whale,1
3666,Tux,1
3667,Tux,1
3668,Fox,1
3669,Tux,1
3670,Tux,1
3671,Fox,1
3672,Python,1
3673,Fox,1
3674,Python,1
3675,Fox,1
3676,Fox,1
3677,Python,1
3678,Whale,1
3679,Python,1
3680,Python,1
3681,Whale,1
3682,Whale,1
3683,Whale,1
3684,Whale,1
3685,Tux,1
3686,Tux,1
3687,Tux,1
3688,Fox,1
3689,Tux,1
3690,Fox,1
3691,Tux,1
3692,Python,1
3693,Fox,1
3694,Fox,1
3695,Python,1
3696,Fox,1
3697,Python,1
3698,Python,1
3699,Whale,1
3700,Python,1
3701,Whale,1
3702,Whale,1
3703,Whale,1
3704,Whale,1
3705,Tux,1
3706,Tux,1
3707,Tux,1
3708,Fox,1
3709,Tux,1
3710,Tux,1
3711,Fox,1
3712,Python,1
3713,Python,1
3714,Fox,1
3715,Fox,1
3716,Fox,1
3717,Python,1
3718,Python,1
3719,Python,1
3720,Whale,1
3721,Whale,1
3722,Tux,1
3723,Whale,1
3724,Tux,1
3725,Whale,1
3726,Whale,1
3727,Fox,1
3728,Tux,1
3729,Tux,1
3730,Fox,1
3731,Tux,1
3732,Fox,1
3733,Fox,1
3734,Python,1
3735,Fox,1
3736,Python,1
3737,Whale,1
3738,Python,1
3739,Python,1
3740,Whale,1
3741,Python,1
3742,Whale,1
3743,Tux,1
3744,Whale,1
3745,Tux,1
3746,Whale,1
3747,Tux,1
3748,Tux,1
3749,Fox,1
3750,Fox,1
3751,Tux,1
3752,Fox,1
3753,Python,1
3754,Fox,1
3755,Fox,1
3756,Python,1
3757,Python,1
3758,Python,1
3759,Whale,1
3760,Whale,1
3761,Python,1
3762,Tux,1
3763,Whale,1
3764,Whale,1
3765,Whale,1
3766,Tux,1
3767,Fox,1
3768,Tux,1
3769,Fox,1
3770,Tux,1
3771,Tux,1
3772,Fox,1
3773,Fox,1
3774,Python,1
3775,Fox,1
3776,Python,1
3777,Whale,1
3778,Whale,1
3779,Python,1
3780,Python,1
3781,Python,1
3782,Tux,1
3783,Whale,1
3784,Whale,1
3785,Tux,1
3786,Whale,1
3787,Tux,1
3788,Fox,1
3789,Fox,1
3790,Tux,1
3791,Tux,1
3792,Python,1
3793,Fox,1
3794,Python,1
3795,Fox,1
3796,Fox,1
3797,Python,1
3798,Python,1
3799,Whale,1
3800,Whale,1
3801,Python,1
3802,Tux,1
3803,Tux,1
3804,Whale,1
3805,Whale,1
3806,Whale,1
3807,Fox,1
3808,Fox,1
3809,Tux,1
3810,Tux,1
3811,Tux,1
3812,Python,1
3813,Fox,1
3814,Python,1
3815,Fox,1
3816,Fox,1
3817,Python,1
3818,Whale,1
3819,Whale,1
3820,Python,1
3821,Python,1
3822,Whale,1
3823,Tux,1
3824,Tux,1
3825,Whale,1
3826,Whale,1
3827,Fox,1
3828,Fox,1
3829,Tux,1
3830,Tux,1
3831,Tux,1
3832,Fox,1
3833,Python,1
3834,Python,1
3835,Fox,1
3836,Fox,1
3837,Python,1
3838,Python,1
3839,Whale,1
3840,Whale,1
3841,Python,1
3842,Whale,1
3843,Whale,1
3844,Tux,1
3845,Tux,1
3846,Whale,1
3847,Tux,1
3848,Tux,1
3849,Tux,1
3850,Fox,1
3851,Fox,1
3852,Fox,1
3853,Python,1
3854,Fox,1
3855,Fox,1
3856,Python,1
3857,Python,1
3858,Python,1
3859,Python,1
3860,Whale,1
3861,Whale,1
3862,Whale,1
3863,Whale,1
3864,Whale,1
3865,Tux,1
3866,Tux,1
3867,Tux,1
3868,Tux,1
3869,Tux,1
3870,Fox,1
3871,Fox,1
3872,Fox,1
3873,Python,1
3874,Fox,1
3875,Python,1
3876,Fox,1
3877,Python,1
3878,Whale,1
3879,Python,1
3880,Whale,1
3881,Python,1
3882,Whale,1
3883,Tux,1
3884,Whale,1
3885,Tux,1
3886,Whale,1
3887,Tux,1
3888,Fox,1
3889,Tux,1
3890,Tux,1
3891,Fox,1
3892,Fox,1
3893,Fox,1
3894,Python,1
3895,Fox,1
3896,Python,1
3897,Python,1
3898,Python,1
3899,Whale,1
3900,Python,1
3901,Whale,1
3902,Whale,1
3903,Whale,1
3904,Tux,1
3905,Whale,1
3906,Tux,1
3907,Tux,1
3908,Tux,1
3909,Fox,1
3910,Tux,1
3911,Fox,1
3912,Fox,1
3913,Fox,1
3914,Python,1
3915,Fox,1
3916,Python,1
3917,Python,1
3918,Python,1
3919,Whale,1
3920,Python,1
3921,Whale,1
3922,Whale,1
3923,Whale,1
3924,Whale,1
3925,Tux,1
3926,Tux,1
3927,Tux,1
3928,Tux,1
3929,Fox,1
3930,Tux,1
3931,Fox,1
3932,Fox,1
3933,Fox,1
3934,Python,1
3935,Fox,1
3936,Python,1
3937,Python,1
3938,Python,1
3939,Whale,1
3940,Python,1
3941,Whale,1
3942,Whale,1
3943,Whale,1
3944,Tux,1
3945,Whale,1
3946,Tux,1
3947,Tux,1
3948,Fox,1
3949,Tux,1
3950,Fox,1
3951,Fox,1
3952,Tux,1
3953,Fox,1
3954,Python,1
3955,Python,1
3956,Fox,1
3957,Python,1
3958,Python,1
3959,Whale,1
3960,Whale,1
3961,Python,1
3962,Whale,1
3963,Tux,1
3964,Whale,1
3965,Fox,1
3966,Whale,1
3967,Tux,1
3968,Tux,1
3969,Tux,1
3970,Python,1
3971,Fox,1
3972,Fox,1
3973,Fox,1
3974,Tux,1
3975,Whale,1
3976,Fox,1
3977,Python,1
3978,Python,1
3979,Python,1
3980,Tux,1
3981,Whale,1
3982,Whale,1
3983,Whale,1
3984,Python,1
3985,Tux,1
3986,Fox,1
3987,Tux,1
3988,Tux,1
3989,Whale,1
3990,Python,1
3991,Fox,1
3992,Fox,1
3993,Fox,1
3994,Tux,1
3995,Python,1
3996,Whale,1
3997,Python,1
3998,Fox,1
3999,Python,1
4000,Whale,1
4001,Tux,1
4002,Python,1
4003,Whale,1
4004,Whale,1
4005,Fox,1
4006,Tux,1
4007,Whale,1
4008,Tux,1
4009,Tux,1
4010,Fox,1
4011,Python,1
4012,Tux,1
4013,Fox,1
4014,Python,1
4015,Whale,1
4016,Fox,1
4017,Python,1
4018,Tux,1
4019,Fox,1
4020,Whale,1
4021,Python,1
4022,Whale,1
4023,Fox,1
4024,Whale,1
4025,Python,1
4026,Tux,1
4027,Whale,1
4028,Tux,1
4029,Tux,1
4030,Python,1
4031,Fox,1
4032,Fox,1
4033,Tux,1
4034,Fox,1
4035,Whale,1
4036,Python,1
4037,Whale,1
4038,Fox,1
4039,Python,1
4040,Python,1
4041,Tux,1
4042,Python,1
4043,Fox,1
4044,Tux,1
4045,Whale,1
4046,Whale,1
4047,Whale,1
4048,Fox,1
4049,Python,1
4050,Tux,1
4051,Tux,1
4052,Python,1
4053,Tux,1
4054,Fox,1
4055,Fox,1
4056,Whale,1
4057,Fox,1
4058,Whale,1
4059,Tux,1
4060,Python,1
4061,Python,1
4062,Tux,1
4063,Whale,1
4064,Python,1
4065,Fox,1
4066,Whale,1
4067,Tux,1
4068,Python,1
4069,Tux,1
4070,Whale,1
4071,Fox,1
4072,Fox,1
4073,Python,1
4074,Whale,1
4075,Tux,1
4076,Fox,1
4077,Tux,1
4078,Fox,1
4079,Whale,1
4080,Python,1
4081,Python,1
4082,Fox,1
4083,Python,1
4084,Tux,1
4085,Whale,1
4086,Whale,1
4087,Whale,1
4088,Tux,1
4089,Python,1
4090,Fox,1
4091,Tux,1
4092,Whale,1
4093,Python,1
4094,Tux,1
4095,Fox,1
4096,Fox,1
4097,Tux,1
4098,Fox,1
4099,Python,1
4100,Whale,1
4101,Python,1
4102,Tux,1
4103,Whale,1
4104,Python,1
4105,Fox,1
4106,Whale,1
4107,Tux,1
4108,Tux,1
4109,Fox,1
4110,Whale,1
4111,Python,1
4112,Whale,1
4113,Tux,1
4114,Python,1
4115,Fox,1
4116,Fox,1
4117,Whale,1
4118,Python,1
4119,Python,1
4120,Tux,1
4121,Fox,1
4122,Whale,1
4123,Python,1
4124,Fox,1
4125,Tux,1
4126,Whale,1
4127,Fox,1
4128,Python,1
4129,Tux,1
4130,Whale,1
4131,Tux,1
4132,Fox,1
4133,Python,1
4134,Tux,1
4135,Whale,1
4136,Fox,1
4137,Python,1
4138,Python,1
4139,Fox,1
4140,Whale,1
4141,Tux,1
4142,Fox,1
4143,Python,1
4144,Tux,1
4145,Whale,1
4146,Whale,1
4147,Whale,1
4148,Python,1
4149,Fox,1
4150,Tux,1
4151,Tux,1
4152,Whale,1
4153,Fox,1
4154,Tux,1
4155,Fox,1
4156,Python,1
4157,Fox,1
4158,Python,1
4159,Whale,1
4160,Tux,1
4161,Python,1
4162,Tux,1
4163,Python,1
4164,Whale,1
4165,Whale,1
4166,Fox,1
4167,Whale,1
4168,Fox,1
4169,Tux,1
4170,Tux,1
4171,Python,1
4172,Fox,1
4173,Python,1
4174,Tux,1
4175,Fox,1
4176,Whale,1
4177,Fox,1
4178,Python,1
4179,Whale,1
4180,Python,1
4181,Tux,1
4182,Whale,1
4183,Tux,1
4184,Python,1
4185,Whale,1
4186,Fox,1
4187,Whale,1
4188,Fox,1
4189,Tux,1
4190,Tux,1
4191,Python,1
4192,Whale,1
4193,Tux,1
4194,Python,1
4195,Fox,1
4196,Fox,1
4197,Whale,1
4198,Tux,1
4199,Fox,1
4200,Python,1
4201,Python,1
4202,Python,1
4203,Fox,1
4204,Tux,1
4205,Whale,1
4206,Whale,1
4207,Whale,1
4208,Fox,1
4209,Python,1
4210,Tux,1
4211,Tux,1
4212,Tux,1
4213,Python,1
4214,Fox,1
4215,Whale,1
4216,Fox,1
4217,Fox,1
4218,Whale,1
4219,Python,1
4220,Python,1
4221,Tux,1
4222,Python,1
4223,Tux,1
4224,Whale,1
4225,Whale,1
4226,Fox,1
4227,Whale,1
4228,Fox,1
4229,Tux,1
4230,Tux,1
4231,Python,1
4232,Tux,1
4233,Python,1
4234,Fox,1
4235,Whale,1
4236,Fox,1
4237,Whale,1
4238,Fox,1
4239,Python,1
4240,Tux,1
4241,Python,1
4242,Python,1
4243,Tux,1
4244,Fox,1
4245,Fox,1
4246,Whale,1
4247,Whale,1
4248,Whale,1
4249,Tux,1
4250,Tux,1
4251,Python,1
4252,Tux,1
4253,Python,1
4254,Whale,1
4255,Fox,1
4256,Fox,1
4257,Fox,1
4258,Whale,1
4259,Python,1
4260,Python,1
4261,Python,1
4262,Tux,1
4263,Tux,1
4264,Whale,1
4265,Fox,1
4266,Fox,1
4267,Whale,1
4268,Whale,1
4269,Tux,1
4270,Tux,1
4271,Python,1
4272,Python,1
4273,Tux,1
4274,Fox,1
4275,Python,1
4276,Whale,1
4277,Fox,1
4278,Fox,1
4279,Whale,1
4280,Tux,1
4281,Python,1
4282,Python,1
4283,Whale,1
4284,Tux,1
4285,Whale,1
4286,Whale,1
4287,Fox,1
4288,Tux,1
4289,Fox,1
4290,Tux,1
4291,Python,1
4292,Python,1
4293,Tux,1
4294,Fox,1
4295,Fox,1
4296,Whale,1
4297,Fox,1
4298,Python,1
4299,Whale,1
4300,Tux,1
4301,Python,1
4302,Tux,1
4303,Python,1
4304,Whale,1
4305,Fox,1
4306,Whale,1
4307,Whale,1
4308,Fox,1
4309,Tux,1
4310,Tux,1
4311,Python,1
4312,Tux,1
4313,Python,1
4314,Fox,1
4315,Fox,1
4316,Fox,1
4317,Whale,1
4318,Python,1
4319,Whale,1
4320,Python,1
4321,Tux,1
4322,Python,1
4323,Whale,1
4324,Whale,1
4325,Tux,1
4326,Fox,1
4327,Whale,1
4328,Tux,1
4329,Fox,1
4330,Tux,1
4331,Python,1
4332,Tux,1
4333,Python,1
4334,Fox,1
4335,Fox,1
4336,Whale,1
4337,Python,1
4338,Whale,1
4339,Fox,1
4340,Python,1
4341,Python,1
4342,Tux,1
4343,Tux,1
4344,Whale,1
4345,Whale,1
4346,Tux,1
4347,Whale,1
4348,Fox,1
4349,Fox,1
4350,Tux,1
4351,Fox,1
4352,Tux,1
4353,Fox,1
4354,Python,1
4355,Python,1
4356,Python,1
4357,Fox,1
4358,Whale,1
4359,Whale,1
4360,Python,1
4361,Python,1
4362,Whale,1
4363,Whale,1
4364,Tux,1
4365,Tux,1
4366,Fox,1
4367,Tux,1
4368,Fox,1
4369,Whale,1
4370,Tux,1
4371,Tux,1
4372,Python,1
4373,Fox,1
4374,Python,1
4375,Fox,1
4376,Fox,1
4377,Python,1
4378,Whale,1
4379,Whale,1
4380,Python,1
4381,Whale,1
4382,Tux,1
4383,Whale,1
4384,Tux,1
4385,Python,1
4386,Whale,1
4387,Tux,1
4388,Fox,1
4389,Tux,1
4390,Fox,1
4391,Fox,1
4392,Python,1
4393,Fox,1
4394,Python,1
4395,Tux,1
4396,Python,1
4397,Whale,1
4398,Fox,1
4399,Python,1
4400,Whale,1
4401,Python,1
4402,Whale,1
4403,Tux,1
4404,Whale,1
4405,Tux,1
4406,Whale,1
4407,Fox,1
4408,Fox,1
4409,Tux,1
4410,Tux,1
4411,Tux,1
4412,Python,1
4413,Python,1
4414,Fox,1
4415,Fox,1
4416,Fox,1
4417,Python,1
4418,Whale,1
4419,Whale,1
4420,Python,1
4421,Python,1
4422,Whale,1
4423,Tux,1
4424,Whale,1
4425,Tux,1
4426,Whale,1
4427,Tux,1
4428,Tux,1
4429,Tux,1
4430,Fox,1
4431,Fox,1
4432,Fox,1
4433,Fox,1
4434,Python,1
4435,Fox,1
4436,Python,1
4437,Whale,1
4438,Python,1
4439,Python,1
4440,Whale,1
4441,Python,1
4442,Whale,1
4443,Tux,1
4444,Tux,1
4445,Whale,1
4446,Whale,1
4447,Tux,1
4448,Tux,1
4449,Fox,1
4450,Fox,1
4451,Tux,1
4452,Fox,1
4453,Python,1
4454,Fox,1
4455,Python,1
4456,Fox,1
4457,Python,1
4458,Whale,1
4459,Whale,1
4460,Python,1
4461,Python,1
4462,Whale,1
4463,Tux,1
4464,Whale,1
4465,Whale,1
4466,Tux,1
4467,Tux,1
4468,Fox,1
4469,Fox,1
4470,Tux,1
4471,Fox,1
4472,Python,1
4473,Tux,1
4474,Python,1
4475,Whale,1
4476,Python,1
4477,Fox,1
4478,Fox,1
4479,Whale,1
4480,Python,1
4481,Whale,1
4482,Python,1
4483,Tux,1
4484,Whale,1
4485,Whale,1
4486,Tux,1
4487,Tux,1
4488,Fox,1
4489,Python,1
4490,Fox,1
4491,Tux,1
4492,Fox,1
4493,Tux,1
4494,Whale,1
4495,Python,1
4496,Fox,1
4497,Python,1
4498,Fox,1
4499,Whale,1
4500,Tux,1
4501,Whale,1
4502,Python,1
4503,Python,1
4504,Fox,1
4505,Whale,1
4506,Whale,1
4507,Tux,1
4508,Tux,1
4509,Tux,1
4510,Fox,1
4511,Fox,1
4512,Python,1
4513,Tux,1
4514,Whale,1
4515,Fox,1
4516,Python,1
4517,Python,1
4518,Fox,1
4519,Whale,1
4520,Tux,1
4521,Python,1
4522,Whale,1
4523,Python,1
4524,Whale,1
4525,Fox,1
4526,Tux,1
4527,Whale,1
4528,Tux,1
4529,Python,1
4530,Tux,1
4531,Fox,1
4532,Fox,1
4533,Tux,1
4534,Python,1
4535,Whale,1
4536,Python,1
4537,Fox,1
4538,Fox,1
4539,Tux,1
4540,Whale,1
4541,Python,1
4542,Whale,1
4543,Python,1
4544,Tux,1
4545,Tux,1
4546,Whale,1
4547,Fox,1
4548,Whale,1
4549,Tux,1
4550,Tux,1
4551,Python,1
4552,Fox,1
4553,Fox,1
4554,Whale,1
4555,Python,1
4556,Fox,1
4557,Python,1
4558,Fox,1
4559,Tux,1
4560,Whale,1
4561,Python,1
4562,Python,1
4563,Whale,1
4564,Fox,1
4565,Whale,1
4566,Whale,1
4567,Tux,1
4568,Tux,1
4569,Python,1
4570,Whale,1
4571,Tux,1
4572,Fox,1
4573,Tux,1
4574,Fox,1
4575,Python,1
4576,Tux,1
4577,Python,1
4578,Fox,1
4579,Fox,1
4580,Fox,1
4581,Whale,1
4582,Whale,1
4583,Python,1
4584,Python,1
4585,Python,1
4586,Tux,1
4587,Tux,1
4588,Whale,1
4589,Whale,1
4590,Whale,1
4591,Fox,1
4592,Fox,1
4593,Tux,1
4594,Tux,1
4595,Tux,1
4596,Fox,1
4597,Python,1
4598,Python,1
4599,Fox,1
4600,Fox,1
4601,Python,1
4602,Python,1
4603,Python,1
4604,Whale,1
4605,Whale,1
4606,Whale,1
4607,Whale,1
4608,Tux,1
4609,Tux,1
4610,Whale,1
4611,Tux,1
4612,Fox,1
4613,Fox,1
4614,Tux,1
4615,Tux,1
4616,Fox,1
4617,Fox,1
4618,Fox,1
4619,Python,1
4620,Python,1
4621,Python,1
4622,Whale,1
4623,Whale,1
4624,Python,1
4625,Python,1
4626,Whale,1
4627,Whale,1
4628,Tux,1
4629,Tux,1
4630,Whale,1
4631,Tux,1
4632,Fox,1
4633,Tux,1
4634,Fox,1
4635,Tux,1
4636,Fox,1
4637,Python,1
4638,Python,1
4639,Fox,1
4640,Fox,1
4641,Python,1
4642,Whale,1
4643,Whale,1
4644,Whale,1
4645,Python,1
4646,Python,1
4647,Tux,1
4648,Tux,1
4649,Whale,1
4650,Tux,1
4651,Whale,1
4652,Fox,1
4653,Fox,1
4654,Tux,1
4655,Tux,1
4656,Fox,1
4657,Python,1
4658,Python,1
4659,Fox,1
4660,Python,1
4661,Fox,1
4662,Whale,1
4663,Whale,1
4664,Python,1
4665,Python,1
4666,Whale,1
4667,Tux,1
4668,Tux,1
4669,Whale,1
4670,Whale,1
4671,Tux,1
4672,Fox,1
4673,Fox,1
4674,Tux,1
4675,Fox,1
4676,Tux,1
4677,Python,1
4678,Python,1
4679,Fox,1
4680,Fox,1
4681,Python,1
4682,Whale,1
4683,Whale,1
4684,Python,1
4685,Whale,1
4686,Tux,1
4687,Python,1
4688,Tux,1
4689,Fox,1
4690,Fox,1
4691,Tux,1
4692,Whale,1
4693,Whale,1
4694,Tux,1
4695,Tux,1
4696,Fox,1
4697,Python,1
4698,Python,1
4699,Whale,1
4700,Fox,1
4701,Fox,1
4702,Python,1
4703,Whale,1
4704,Python,1
4705,Python,1
4706,Tux,1
4707,Whale,1
4708,Tux,1
4709,Whale,1
4710,Whale,1
4711,Fox,1
4712,Tux,1
4713,Fox,1
4714,Tux,1
4715,Python,1
4716,Tux,1
4717,Python,1
4718,Fox,1
4719,Fox,1
4720,Whale,1
4721,Fox,1
4722,Python,1
4723,Whale,1
4724,Tux,1
4725,Python,1
4726,Python,1
4727,Whale,1
4728,Tux,1
4729,Whale,1
4730,Whale,1
4731,Fox,1
4732,Tux,1
4733,Fox,1
4734,Tux,1
4735,Tux,1
4736,Python,1
4737,Fox,1
4738,Python,1
4739,Fox,1
4740,Fox,1
4741,Whale,1
4742,Python,1
4743,Whale,1
4744,Python,1
4745,Tux,1
4746,Whale,1
4747,Tux,1
4748,Whale,1
4749,Python,1
4750,Tux,1
4751,Fox,1
4752,Tux,1
4753,Fox,1
4754,Whale,1
4755,Fox,1
4756,Tux,1
4757,Python,1
4758,Fox,1
4759,Python,1
4760,Whale,1
4761,Fox,1
4762,Python,1
4763,Whale,1
4764,Python,1
4765,Python,1
4766,Whale,1
4767,Tux,1
4768,Tux,1
4769,Whale,1
4770,Tux,1
4771,Fox,1
4772,Tux,1
4773,Whale,1
4774,Fox,1
4775,Python,1
4776,Fox,1
4777,Tux,1
4778,Python,1
4779,Fox,1
4780,Python,1
4781,Whale,1
4782,Python,1
4783,Fox,1
4784,Whale,1
4785,Tux,1
4786,Whale,1
4787,Whale,1
4788,Python,1
4789,Tux,1
4790,Tux,1
4791,Fox,1
4792,Tux,1
4793,Whale,1
4794,Fox,1
4795,Fox,1
4796,Python,1
4797,Python,1
4798,Tux,1
4799,Fox,1
4800,Whale,1
4801,Python,1
4802,Whale,1
4803,Python,1
4804,Fox,1
4805,Whale,1
4806,Tux,1
4807,Whale,1
4808,Tux,1
4809,Python,1
4810,Tux,1
4811,Fox,1
4812,Tux,1
4813,Fox,1
4814,Fox,1
4815,Whale,1
4816,Python,1
4817,Fox,1
4818,Tux,1
4819,Python,1
4820,Python,1
4821,Whale,1
4822,Whale,1
4823,Whale,1
4824,Tux,1
4825,Fox,1
4826,Python,1
4827,Tux,1
4828,Tux,1
4829,Whale,1
4830,Python,1
4831,Fox,1
4832,Fox,1
4833,Python,1
4834,Fox,1
4835,Tux,1
4836,Whale,1
4837,Python,1
4838,Fox,1
4839,Tux,1
4840,Whale,1
4841,Python,1
4842,Whale,1
4843,Tux,1
4844,Fox,1
4845,Tux,1
4846,Whale,1
4847,Python,1
4848,Fox,1
4849,Python,1
4850,Whale,1
4851,Tux,1
4852,Fox,1
4853,Python,1
4854,Whale,1
4855,Tux,1
4856,Fox,1
4857,Python,1
4858,Fox,1
4859,Tux,1
4860,Whale,1
4861,Python,1
4862,Whale,1
4863,Whale,1
4864,Python,1
4865,Tux,1
4866,Fox,1
4867,Tux,1
4868,Fox,1
4869,Tux,1
4870,Whale,1
4871,Fox,1
4872,Python,1
4873,Whale,1
4874,Python,1
4875,Fox,1
4876,Python,1
4877,Tux,1
4878,Python,1
4879,Tux,1
4880,Whale,1
4881,Whale,1
4882,Fox,1
4883,Whale,1
4884,Fox,1
4885,Tux,1
4886,Tux,1
4887,Python,1
4888,Fox,1
4889,Python,1
4890,Fox,1
4891,Whale,1
4892,Tux,1
4893,Whale,1
4894,Python,1
4895,Tux,1
4896,Fox,1
4897,Python,1
4898,Tux,1
4899,Fox,1
4900,Python,1
4901,Whale,1
4902,Whale,1
4903,Fox,1
4904,Python,1
4905,Whale,1
4906,Tux,1
4907,Tux,1
4908,Whale,1
4909,Fox,1
4910,Tux,1
4911,Python,1
4912,Fox,1
4913,Whale,1
4914,Python,1
4915,Python,1
4916,Tux,1
4917,Fox,1
4918,Whale,1
4919,Tux,1
4920,Whale,1
4921,Python,1
4922,Fox,1
4923,Tux,1
4924,Whale,1
4925,Fox,1
4926,Python,1
4927,Tux,1
4928,Fox,1
4929,Fox,1
4930,Whale,1
4931,Tux,1
4932,Python,1
4933,Python,1
4934,Tux,1
4935,Fox,1
4936,Python,1
4937,Whale,1
4938,Whale,1
4939,Fox,1
4940,Python,1
4941,Tux,1
4942,Whale,1
4943,Tux,1
4944,Whale,1
4945,Python,1
4946,Fox,1
4947,Tux,1
4948,Fox,1
4949,Whale,1
4950,Tux,1
4951,Python,1
4952,Fox,1
4953,Python,1
4954,Tux,1
4955,Fox,1
4956,Whale,1
4957,Whale,1
4958,Python,1
4959,Python,1
4960,Fox,1
4961,Tux,1
4962,Tux,1
4963,Whale,1
4964,Python,1
4965,Whale,1
4966,Tux,1
4967,Fox,1
4968,Fox,1
4969,Tux,1
4970,Whale,1
4971,Python,1
4972,Fox,1
4973,Python,1
4974,Tux,1
4975,Fox,1
4976,Python,1
4977,Whale,1
4978,Whale,1
4979,Fox,1
4980,Python,1
4981,Whale,1
4982,Tux,1
4983,Tux,1
4984,Python,1
4985,Whale,1
4986,Whale,1
4987,Tux,1
4988,Tux,1
4989,Fox,1
4990,Fox,1
4991,Fox,1
4992,Python,1
4993,Tux,1
4994,Fox,1
4995,Python,1
4996,Whale,1
4997,Python,1
4998,Fox,1
4999,Python,1
5000,Whale,1
5001,Whale,1
5002,Python,1
5003,Tux,1
5004,Tux,1
5005,Whale,1
5006,Tux,1
5007,Fox,1
5008,Whale,1
5009,Tux,1
5010,Fox,1
5011,Tux,1
5012,Python,1
5013,Fox,1
5014,Fox,1
5015,Python,1
5016,Python,1
5017,Fox,1
5018,Whale,1
5019,Python,1
5020,Whale,1
5021,Python,1
5022,Tux,1
5023,Whale,1
5024,Whale,1
5025,Tux,1
5026,Whale,1
5027,Fox,1
5028,Tux,1
5029,Tux,1
5030,Fox,1
5031,Python,1
5032,Tux,1
5033,Fox,1
5034,Fox,1
5035,Python,1
5036,Fox,1
5037,Whale,1
5038,Python,1
5039,Whale,1
5040,Python,1
5041,Python,1
5042,Tux,1
5043,Whale,1
5044,Whale,1
5045,Tux,1
5046,Whale,1
5047,Fox,1
5048,Tux,1
5049,Tux,1
5050,Fox,1
5051,Tux,1
5052,Fox,1
5053,Python,1
5054,Python,1
5055,Fox,1
5056,Whale,1
5057,Python,1
5058,Fox,1
5059,Python,1
5060,Whale,1
5061,Tux,1
5062,Python,1
5063,Whale,1
5064,Tux,1
5065,Tux,1
5066,Whale,1
5067,Whale,1
5068,Fox,1
5069,Python,1
5070,Fox,1
5071,Fox,1
5072,Tux,1
5073,Tux,1
5074,Whale,1
5075,Python,1
5076,Fox,1
5077,Fox,1
5078,Python,1
5079,Python,1
5080,Tux,1
5081,Whale,1
5082,Whale,1
5083,Python,1
5084,Tux,1
5085,Whale,1
5086,Whale,1
5087,Tux,1
5088,Fox,1
5089,Fox,1
5090,Tux,1
5091,Tux,1
5092,Fox,1
5093,Python,1
5094,Fox,1
5095,Fox,1
5096,Python,1
5097,Whale,1
5098,Python,1
5099,Tux,1
5100,Python,1
5101,Python,1
5102,Whale,1
5103,Whale,1
5104,Tux,1
5105,Fox,1
5106,Tux,1
5107,Whale,1
5108,Whale,1
5109,Tux,1
5110,Tux,1
5111,Fox,1
5112,Python,1
5113,Fox,1
5114,Python,1
5115,Whale,1
5116,Fox,1
5117,Python,1
5118,Fox,1
5119,Python,1
5120,Whale,1
5121,Whale,1
5122,Python,1
5123,Tux,1
5124,Tux,1
5125,Tux,1
5126,Whale,1
5127,Fox,1
5128,Whale,1
5129,Tux,1
5130,Python,1
5131,Fox,1
5132,Fox,1
5133,Tux,1
5134,Fox,1
5135,Fox,1
5136,Python,1
5137,Python,1
5138,Whale,1
5139,Python,1
5140,Whale,1
5141,Whale,1
5142,Python,1
5143,Tux,1
5144,Tux,1
5145,Fox,1
5146,Whale,1
5147,Whale,1
5148,Tux,1
5149,Fox,1
5150,Python,1
5151,Tux,1
5152,Fox,1
5153,Tux,1
5154,Python,1
5155,Fox,1
5156,Fox,1
5157,Python,1
5158,Whale,1
5159,Tux,1
5160,Whale,1
5161,Python,1
5162,Whale,1
5163,Python,1
5164,Tux,1
5165,Whale,1
5166,Tux,1
5167,Fox,1
5168,Whale,1
5169,Fox,1
5170,Fox,1
5171,Tux,1
5172,Python,1
5173,Tux,1
5174,Python,1
5175,Fox,1
5176,Python,1
5177,Whale,1
5178,Fox,1
5179,Whale,1
5180,Python,1
5181,Whale,1
5182,Tux,1
5183,Python,1
5184,Tux,1
5185,Whale,1
5186,Tux,1
5187,Whale,1
5188,Fox,1
5189,Fox,1
5190,Tux,1
5191,Fox,1
5192,Fox,1
5193,Python,1
5194,Tux,1
5195,Python,1
5196,Whale,1
5197,Python,1
5198,Whale,1
5199,Fox,1
5200,Python,1
5201,Whale,1
5202,Tux,1
5203,Tux,1
5204,Whale,1
5205,Python,1
5206,Fox,1
5207,Fox,1
5208,Tux,1
5209,Tux,1
5210,Whale,1
5211,Python,1
5212,Fox,1
5213,Python,1
5214,Fox,1
5215,Tux,1
5216,Python,1
5217,Whale,1
5218,Whale,1
5219,Python,1
5220,Fox,1
5221,Whale,1
5222,Tux,1
5223,Tux,1
5224,Whale,1
5225,Python,1
5226,Tux,1
5227,Tux,1
5228,Fox,1
5229,Whale,1
5230,Fox,1
5231,Fox,1
5232,Python,1
5233,Fox,1
5234,Python,1
5235,Tux,1
5236,Python,1
5237,Whale,1
5238,Python,1
5239,Whale,1
5240,Whale,1
5241,Fox,1
5242,Python,1
5243,Whale,1
5244,Tux,1
5245,Tux,1
5246,Tux,1
5247,Whale,1
5248,Fox,1
5249,Fox,1
5250,Tux,1
5251,Fox,1
5252,Tux,1
5253,Fox,1
5254,Python,1
5255,Python,1
5256,Python,1
5257,Fox,1
5258,Whale,1
5259,Whale,1
5260,Whale,1
5261,Python,1
5262,Whale,1
5263,Tux,1
5264,Tux,1
5265,Tux,1
5266,Python,1
5267,Fox,1
5268,Tux,1
5269,Fox,1
5270,Whale,1
5271,Fox,1
5272,Tux,1
5273,Python,1
5274,Python,1
5275,Fox,1
5276,Python,1
5277,Whale,1
5278,Fox,1
5279,Python,1
5280,Whale,1
5281,Whale,1
5282,Whale,1
5283,Python,1
5284,Tux,1
5285,Tux,1
5286,Tux,1
5287,Fox,1
5288,Fox,1
5289,Whale,1
5290,Fox,1
5291,Tux,1
5292,Python,1
5293,Python,1
5294,Python,1
5295,Tux,1
5296,Fox,1
5297,Whale,1
5298,Fox,1
5299,Whale,1
5300,Whale,1
5301,Python,1
5302,Tux,1
5303,Tux,1
5304,Tux,1
5305,Python,1
5306,Whale,1
5307,Fox,1
5308,Fox,1
5309,Whale,1
5310,Fox,1
5311,Tux,1
5312,Fox,1
5313,Python,1
5314,Tux,1
5315,Python,1
5316,Python,1
5317,Whale,1
5318,Fox,1
5319,Python,1
5320,Whale,1
5321,Whale,1
5322,Tux,1
5323,Whale,1
5324,Tux,1
5325,Tux,1
5326,Python,1
5327,Tux,1
5328,Fox,1
5329,Whale,1
5330,Fox,1
5331,Fox,1
5332,Fox,1
5333,Python,1
5334,Tux,1
5335,Python,1
5336,Python,1
5337,Whale,1
5338,Fox,1
5339,Python,1
5340,Whale,1
5341,Whale,1
5342,Tux,1
5343,Whale,1
5344,Python,1
5345,Tux,1
5346,Tux,1
5347,Fox,1
5348,Whale,1
5349,Python,1
5350,Tux,1
5351,Fox,1
5352,Fox,1
5353,Fox,1
5354,Python,1
5355,Tux,1
5356,Python,1
5357,Whale,1
5358,Python,1
5359,Whale,1
5360,Tux,1
5361,Fox,1
5362,Whale,1
5363,Tux,1
5364,Whale,1
5365,Tux,1
5366,Fox,1
5367,Python,1
5368,Python,1
5369,Tux,1
5370,Fox,1
5371,Whale,1
5372,Fox,1
5373,Python,1
5374,Fox,1
5375,Whale,1
5376,Tux,1
5377,Python,1
5378,Whale,1
5379,Fox,1
5380,Tux,1
5381,Python,1
5382,Whale,1
5383,Whale,1
5384,Fox,1
5385,Tux,1
5386,Python,1
5387,Tux,1
5388,Tux,1
5389,Python,1
5390,Whale,1
5391,Fox,1
5392,Fox,1
5393,Fox,1
5394,Whale,1
5395,Python,1
5396,Python,1
5397,Tux,1
5398,Python,1
5399,Whale,1
5400,Tux,1
5401,Whale,1
5402,Fox,1
5403,Whale,1
5404,Tux,1
5405,Fox,1
5406,Python,1
5407,Tux,1
5408,Tux,1
5409,Fox,1
5410,Fox,1
5411,Python,1
5412,Whale,1
5413,Fox,1
5414,Python,1
5415,Python,1
5416,Tux,1
5417,Python,1
5418,Whale,1
5419,Whale,1
5420,Tux,1
5421,Fox,1
5422,Whale,1
5423,Whale,1
5424,Tux,1
5425,Tux,1
5426,Tux,1
5427,Fox,1
5428,Python,1
5429,Fox,1
5430,Fox,1
5431,Fox,1
5432,Python,1
5433,Whale,1
5434,Python,1
5435,Python,1
5436,Python,1
5437,Tux,1
5438,Whale,1
5439,Tux,1
5440,Whale,1
5441,Whale,1
5442,Fox,1
5443,Whale,1
5444,Tux,1
5445,Tux,1
5446,Tux,1
5447,Python,1
5448,Fox,1
5449,Fox,1
5450,Fox,1
5451,Fox,1
5452,Python,1
5453,Whale,1
5454,Python,1
5455,Python,1
5456,Python,1
5457,Whale,1
5458,Tux,1
5459,Whale,1
5460,Whale,1
5461,Whale,1
5462,Tux,1
5463,Fox,1
5464,Tux,1
5465,Fox,1
5466,Tux,1
5467,Tux,1
5468,Python,1
5469,Python,1
5470,Fox,1
5471,Fox,1
5472,Fox,1
5473,Whale,1
5474,Python,1
5475,Python,1
5476,Whale,1
5477,Python,1
5478,Tux,1
5479,Whale,1
5480,Whale,1
5481,Tux,1
5482,Whale,1
5483,Fox,1
5484,Fox,1
5485,Python,1
5486,Tux,1
5487,Tux,1
5488,Tux,1
5489,Python,1
5490,Whale,1
5491,Fox,1
5492,Fox,1
5493,Fox,1
5494,Whale,1
5495,Python,1
5496,Tux,1
5497,Python,1
5498,Python,1
5499,Tux,1
5500,Fox,1
5501,Whale,1
5502,Whale,1
5503,Whale,1
5504,Tux,1
5505,Tux,1
5506,Python,1
5507,Fox,1
5508,Tux,1
5509,Fox,1
5510,Whale,1
5511,Python,1
5512,Fox,1
5513,Fox,1
5514,Tux,1
5515,Python,1
5516,Python,1
5517,Whale,1
5518,Python,1
5519,Fox,1
5520,Whale,1
5521,Whale,1
5522,Tux,1
5523,Whale,1
5524,Fox,1
5525,Tux,1
5526,Tux,1
5527,Tux,1
5528,Python,1
5529,Fox,1
5530,Fox,1
5531,Python,1
5532,Fox,1
5533,Whale,1
5534,Python,1
5535,Python,1
5536,Whale,1
5537,Tux,1
5538,Python,1
5539,Fox,1
5540,Tux,1
5541,Whale,1
5542,Whale,1
5543,Whale,1
5544,Python,1
5545,Fox,1
5546,Tux,1
5547,Tux,1
5548,Tux,1
5549,Python,1
5550,Fox,1
5551,Fox,1
5552,Whale,1
5553,Fox,1
5554,Whale,1
5555,Python,1
5556,Python,1
5557,Python,1
5558,Tux,1
5559,Tux,1
5560,Fox,1
5561,Fox,1
5562,Whale,1
5563,Whale,1
5564,Whale,1
5565,Python,1
5566,Tux,1
5567,Python,1
5568,Tux,1
5569,Tux,1
5570,Whale,1
5571,Fox,1
5572,Whale,1
5573,Fox,1
5574,Fox,1
5575,Tux,1
5576,Python,1
5577,Python,1
5578,Python,1
5579,Tux,1
5580,Fox,1
5581,Fox,1
5582,Whale,1
5583,Whale,1
5584,Whale,1
5585,Python,1
5586,Tux,1
5587,Whale,1
5588,Python,1
5589,Tux,1
5590,Tux,1
5591,Fox,1
5592,Tux,1
5593,Whale,1
5594,Fox,1
5595,Fox,1
5596,Python,1
5597,Fox,1
5598,Whale,1
5599,Python,1
5600,Python,1
5601,Tux,1
5602,Tux,1
5603,Fox,1
5604,Whale,1
5605,Python,1
5606,Whale,1
5607,Python,1
5608,Whale,1
5609,Fox,1
5610,Tux,1
5611,Tux,1
5612,Tux,1
5613,Whale,1
5614,Python,1
5615,Fox,1
5616,Fox,1
5617,Fox,1
5618,Tux,1
5619,Python,1
5620,Python,1
5621,Whale,1
5622,Fox,1
5623,Tux,1
5624,Python,1
5625,Whale,1
5626,Whale,1
5627,Fox,1
5628,Python,1
5629,Whale,1
5630,Tux,1
5631,Tux,1
5632,Python,1
5633,Whale,1
5634,Tux,1
5635,Fox,1
5636,Fox,1
5637,Whale,1
5638,Tux,1
5639,Python,1
5640,Fox,1
5641,Python,1
5642,Tux,1
5643,Fox,1
5644,Whale,1
5645,Whale,1
5646,Python,1
5647,Python,1
5648,Fox,1
5649,Whale,1
5650,Tux,1
5651,Tux,1
5652,Python,1
5653,Whale,1
5654,Fox,1
5655,Tux,1
5656,Fox,1
5657,Whale,1
5658,Tux,1
5659,Python,1
5660,Fox,1
5661,Python,1
5662,Fox,1
5663,Tux,1
5664,Whale,1
5665,Whale,1
5666,Python,1
5667,Python,1
5668,Fox,1
5669,Tux,1
5670,Tux,1
5671,Whale,1
5672,Whale,1
5673,Python,1
5674,Fox,1
5675,Tux,1
5676,Fox,1
5677,Whale,1
5678,Tux,1
5679,Python,1
5680,Python,1
5681,Fox,1
5682,Fox,1
5683,Tux,1
5684,Whale,1
5685,Whale,1
5686,Python,1
5687,Python,1
5688,Fox,1
5689,Tux,1
5690,Tux,1
5691,Whale,1
5692,Whale,1
5693,Python,1
5694,Fox,1
5695,Tux,1
5696,Fox,1
5697,Whale,1
5698,Tux,1
5699,Python,1
5700,Fox,1
5701,Python,1
5702,Whale,1
5703,Fox,1
5704,Tux,1
5705,Python,1
5706,Whale,1
5707,Tux,1
5708,Fox,1
5709,Whale,1
5710,Python,1
5711,Tux,1
5712,Whale,1
5713,Tux,1
5714,Python,1
5715,Fox,1
5716,Fox,1
5717,Python,1
5718,Python,1
5719,Fox,1
5720,Whale,1
5721,Tux,1
5722,Fox,1
5723,Tux,1
5724,Whale,1
5725,Whale,1
5726,Python,1
5727,Tux,1
5728,Tux,1
5729,Whale,1
5730,Python,1
5731,Fox,1
5732,Fox,1
5733,Tux,1
5734,Fox,1
5735,Whale,1
5736,Python,1
5737,Python,1
5738,Whale,1
5739,Tux,1
5740,Python,1
5741,Fox,1
5742,Python,1
5743,Whale,1
5744,Tux,1
5745,Whale,1
5746,Fox,1
5747,Whale,1
5748,Fox,1
5749,Python,1
5750,Tux,1
5751,Tux,1
5752,Tux,1
5753,Fox,1
5754,Fox,1
5755,Python,1
5756,Whale,1
5757,Whale,1
5758,Python,1
5759,Fox,1
5760,Python,1
5761,Tux,1
5762,Tux,1
5763,Python,1
5764,Fox,1
5765,Whale,1
5766,Whale,1
5767,Tux,1
5768,Fox,1
5769,Whale,1
5770,Tux,1
5771,Python,1
5772,Fox,1
5773,Fox,1
5774,Whale,1
5775,Tux,1
5776,Python,1
5777,Fox,1
5778,Python,1
5779,Python,1
5780,Whale,1
5781,Tux,1
5782,Python,1
5783,Tux,1
5784,Whale,1
5785,Whale,1
5786,Fox,1
5787,Whale,1
5788,Fox,1
5789,Tux,1
5790,Tux,1
5791,Python,1
5792,Fox,1
5793,Tux,1
5794,Fox,1
5795,Python,1
5796,Whale,1
5797,Whale,1
5798,Python,1
5799,Python,1
5800,Tux,1
5801,Fox,1
5802,Fox,1
5803,Python,1
5804,Tux,1
5805,Whale,1
5806,Whale,1
5807,Python,1
5808,Tux,1
5809,Whale,1
5810,Fox,1
5811,Tux,1
5812,Tux,1
5813,Fox,1
5814,Python,1
5815,Whale,1
5816,Fox,1
5817,Fox,1
5818,Python,1
5819,Python,1
5820,Tux,1
5821,Whale,1
5822,Python,1
5823,Tux,1
5824,Whale,1
5825,Fox,1
5826,Whale,1
5827,Tux,1
5828,Whale,1
5829,Fox,1
5830,Tux,1
5831,Python,1
5832,Tux,1
5833,Python,1
5834,Fox,1
5835,Whale,1
5836,Fox,1
5837,Whale,1
5838,Python,1
5839,Fox,1
5840,Python,1
5841,Tux,1
5842,Tux,1
5843,Whale,1
5844,Whale,1
5845,Python,1
5846,Fox,1
5847,Whale,1
5848,Tux,1
5849,Tux,1
5850,Fox,1
5851,Python,1
5852,Python,1
5853,Tux,1
5854,Fox,1
5855,Whale,1
5856,Fox,1
5857,Tux,1
5858,Whale,1
5859,Fox,1
5860,Python,1
5861,Python,1
5862,Tux,1
5863,Python,1
5864,Fox,1
5865,Whale,1
5866,Whale,1
5867,Python,1
5868,Whale,1
5869,Tux,1
5870,Fox,1
5871,Tux,1
5872,Python,1
5873,Tux,1
5874,Fox,1
5875,Fox,1
5876,Fox,1
5877,Python,1
5878,Whale,1
5879,Python,1
5880,Tux,1
5881,Python,1
5882,Whale,1
5883,Whale,1
5884,Fox,1
5885,Tux,1
5886,Whale,1
5887,Tux,1
5888,Fox,1
5889,Fox,1
5890,Tux,1
5891,Python,1
5892,Whale,1
5893,Python,1
5894,Python,1
5895,Fox,1
5896,Tux,1
5897,Python,1
5898,Whale,1
5899,Whale,1
5900,Fox,1
5901,Whale,1
5902,Tux,1
5903,Tux,1
5904,Tux,1
5905,Python,1
5906,Fox,1
5907,Fox,1
5908,Whale,1
5909,Fox,1
5910,Python,1
5911,Python,1
5912,Python,1
5913,Tux,1
5914,Whale,1
5915,Whale,1
5916,Whale,1
5917,Fox,1
5918,Tux,1
5919,Tux,1
5920,Tux,1
5921,Python,1
5922,Fox,1
5923,Fox,1
5924,Fox,1
5925,Whale,1
5926,Python,1
5927,Python,1
5928,Tux,1
5929,Whale,1
5930,Python,1
5931,Whale,1
5932,Tux,1
5933,Tux,1
5934,Whale,1
5935,Fox,1
5936,Tux,1
5937,Fox,1
5938,Fox,1
5939,Python,1
5940,Python,1
5941,Fox,1
5942,Python,1
5943,Whale,1
5944,Whale,1
5945,Tux,1
5946,Python,1
5947,Whale,1
5948,Whale,1
5949,Fox,1
5950,Tux,1
5951,Tux,1
5952,Fox,1
5953,Fox,1
5954,Tux,1
5955,Python,1
5956,Whale,1
5957,Fox,1
5958,Python,1
5959,Python,1
5960,Tux,1
5961,Python,1
5962,Whale,1
5963,Whale,1
5964,Fox,1
5965,Whale,1
5966,Tux,1
5967,Tux,1
5968,Fox,1
5969,Fox,1
5970,Python,1
5971,Tux,1
5972,Python,1
5973,Fox,1
5974,Python,1
5975,Whale,1
5976,Python,1
5977,Whale,1
5978,Whale,1
5979,Tux,1
5980,Tux,1
5981,Whale,1
5982,Tux,1
5983,Fox,1
5984,Fox,1
5985,Tux,1
5986,Python,1
5987,Fox,1
5988,Whale,1
5989,Fox,1
5990,Python,1
5991,Python,1
5992,Whale,1
5993,Python,1
5994,Tux,1
5995,Whale,1
5996,Tux,1
5997,Tux,1
5998,Whale,1
5999,Fox,1
6000,Fox,1
6001,Python,1
6002,Tux,1
6003,Fox,1
6004,Whale,1
6005,Python,1
6006,Fox,1
6007,Python,1
6008,Tux,1
6009,Whale,1
6010,Whale,1
6011,Python,1
6012,Tux,1
6013,Tux,1
6014,Fox,1
6015,Whale,1
6016,Fox,1
6017,Python,1
6018,Fox,1
6019,Tux,1
6020,Python,1
6021,Whale,1
6022,Fox,1
6023,Python,1
6024,Tux,1
6025,Whale,1
6026,Whale,1
6027,Python,1
6028,Tux,1
6029,Fox,1
6030,Tux,1
6031,Whale,1
6032,Fox,1
6033,Fox,1
6034,Python,1
6035,Tux,1
6036,Python,1
6037,Whale,1
6038,Python,1
6039,Fox,1
6040,Whale,1
6041,Tux,1
6042,Python,1
6043,Whale,1
6044,Tux,1
6045,Tux,1
6046,Fox,1
6047,Whale,1
6048,Tux,1
6049,Python,1
6050,Fox,1
6051,Fox,1
6052,Python,1
6053,Python,1
6054,Whale,1
6055,Fox,1
6056,Whale,1
6057,Tux,1
6058,Whale,1
6059,Python,1
6060,Tux,1
6061,Fox,1
6062,Whale,1
6063,Tux,1
6064,Tux,1
6065,Python,1
6066,Fox,1
6067,Fox,1
6068,Fox,1
6069,Whale,1
6070,Python,1
6071,Python,1
6072,Whale,1
6073,Python,1
6074,Tux,1
6075,Whale,1
6076,Fox,1
6077,Tux,1
6078,Tux,1
6079,Whale,1
6080,Tux,1
6081,Fox,1
6082,Python,1
6083,Fox,1
6084,Fox,1
6085,Whale,1
6086,Python,1
6087,Python,1
6088,Whale,1
6089,Whale,1
6090,Tux,1
6091,Python,1
6092,Fox,1
6093,Tux,1
6094,Tux,1
6095,Whale,1
6096,Fox,1
6097,Python,1
6098,Tux,1
6099,Fox,1
6100,Whale,1
6101,Python,1
6102,Python,1
6103,Fox,1
6104,Tux,1
6105,Whale,1
6106,Whale,1
6107,Python,1
6108,Tux,1
6109,Fox,1
6110,Whale,1
6111,Tux,1
6112,Fox,1
6113,Python,1
6114,Python,1
6115,Fox,1
6116,Tux,1
6117,Whale,1
6118,Python,1
6119,Fox,1
6120,Whale,1
6121,Tux,1
6122,Whale,1
6123,Fox,1
6124,Tux,1
6125,Python,1
6126,Python,1
6127,Fox,1
6128,Tux,1
6129,Whale,1
6130,Python,1
6131,Whale,1
6132,Fox,1
6133,Tux,1
6134,Tux,1
6135,Fox,1
6136,Whale,1
6137,Python,1
6138,Fox,1
6139,Whale,1
6140,Tux,1
6141,Python,1
6142,Tux,1
6143,Python,1
6144,Whale,1
6145,Fox,1
6146,Fox,1
6147,Whale,1
6148,Python,1
6149,Tux,1
6150,Tux,1
6151,Python,1
6152,Whale,1
6153,Fox,1
6154,Python,1
6155,Tux,1
6156,Fox,1
6157,Whale,1
6158,Tux,1
6159,Python,1
6160,Whale,1
6161,Fox,1
6162,Whale,1
6163,Tux,1
6164,Fox,1
6165,Python,1
6166,Fox,1
6167,Tux,1
6168,Python,1
6169,Whale,1
6170,Whale,1
6171,Fox,1
6172,Python,1
6173,Tux,1
6174,Fox,1
6175,Tux,1
6176,Python,1
6177,Whale,1
6178,Whale,1
6179,Python,1
6180,Fox,1
6181,Tux,1
6182,Tux,1
6183,Python,1
6184,Fox,1
6185,Whale,1
6186,Fox,1
6187,Whale,1
6188,Python,1
6189,Tux,1
6190,Whale,1
6191,Python,1
6192,Tux,1
6193,Fox,1
6194,Python,1
6195,Whale,1
6196,Tux,1
6197,Fox,1
6198,Tux,1
6199,Fox,1
6200,Whale,1
6201,Python,1
6202,Fox,1
6203,Whale,1
6204,Python,1
6205,Tux,1
6206,Python,1
6207,Tux,1
6208,Whale,1
6209,Fox,1
6210,Whale,1
6211,Python,1
6212,Fox,1
6213,Tux,1
6214,Tux,1
6215,Python,1
6216,Fox,1
6217,Whale,1
6218,Python,1
6219,Fox,1
6220,Tux,1
6221,Whale,1
6222,Python,1
6223,Whale,1
6224,Fox,1
6225,Tux,1
6226,Whale,1
6227,Tux,1
6228,Fox,1
6229,Python,1
6230,Tux,1
6231,Python,1
6232,Fox,1
6233,Whale,1
6234,Fox,1
6235,Python,1
6236,Whale,1
6237,Tux,1
6238,Python,1
6239,Tux,1
6240,Whale,1
6241,Whale,1
6242,Fox,1
6243,Tux,1
6244,Fox,1
6245,Tux,1
6246,Python,1
6247,Python,1
6248,Fox,1
6249,Whale,1
6250,Fox,1
6251,Whale,1
6252,Python,1
6253,Tux,1
6254,Python,1
6255,Tux,1
6256,Whale,1
6257,Fox,1
6258,Whale,1
6259,Fox,1
6260,Tux,1
6261,Python,1
6262,Tux,1
6263,Python,1
6264,Whale,1
6265,Fox,1
6266,Fox,1
6267,Whale,1
6268,Python,1
6269,Tux,1
6270,Python,1
6271,Tux,1
6272,Fox,1
6273,Whale,1
6274,Whale,1
6275,Fox,1
6276,Python,1
6277,Tux,1
6278,Tux,1
6279,Whale,1
6280,Fox,1
6281,Python,1
6282,Fox,1
6283,Tux,1
6284,Python,1
6285,Python,1
6286,Whale,1
6287,Whale,1
6288,Fox,1
6289,Whale,1
6290,Tux,1
6291,Tux,1
6292,Python,1
6293,Tux,1
6294,Fox,1
6295,Fox,1
6296,Whale,1
6297,Python,1
6298,Fox,1
6299,Tux,1
6300,Python,1
6301,Whale,1
6302,Python,1
6303,Fox,1
6304,Whale,1
6305,Tux,1
6306,Whale,1
6307,Python,1
6308,Fox,1
6309,Tux,1
6310,Tux,1
6311,Whale,1
6312,Fox,1
6313,Python,1
6314,Fox,1
6315,Tux,1
6316,Whale,1
6317,Python,1
6318,Python,1
6319,Fox,1
6320,Tux,1
6321,Whale,1
6322,Whale,1
6323,Python,1
6324,Fox,1
6325,Tux,1
6326,Tux,1
6327,Whale,1
6328,Fox,1
6329,Fox,1
6330,Python,1
6331,Tux,1
6332,Python,1
6333,Python,1
6334,Whale,1
6335,Fox,1
6336,Whale,1
6337,Whale,1
6338,Tux,1
6339,Python,1
6340,Tux,1
6341,Tux,1
6342,Fox,1
6343,Whale,1
6344,Python,1
6345,Fox,1
6346,Fox,1
6347,Tux,1
6348,Whale,1
6349,Python,1
6350,Python,1
6351,Fox,1
6352,Tux,1
6353,Whale,1
6354,Whale,1
6355,Python,1
6356,Tux,1
6357,Fox,1
6358,Tux,1
6359,Whale,1
6360,Fox,1
6361,Python,1
6362,Tux,1
6363,Fox,1
6364,Python,1
6365,Whale,1
6366,Python,1
6367,Fox,1
6368,Whale,1
6369,Whale,1
6370,Python,1
6371,Tux,1
6372,Tux,1
6373,Fox,1
6374,Tux,1
6375,Whale,1
6376,Fox,1
6377,Fox,1
6378,Python,1
6379,Tux,1
6380,Python,1
6381,Whale,1
6382,Python,1
6383,Fox,1
6384,Whale,1
6385,Python,1
6386,Whale,1
6387,Tux,1
6388,Tux,1
6389,Tux,1
6390,Fox,1
6391,Fox,1
6392,Whale,1
6393,Python,1
6394,Fox,1
6395,Tux,1
6396,Python,1
6397,Whale,1
6398,Fox,1
6399,Python,1
6400,Whale,1
6401,Whale,1
6402,Python,1
6403,Tux,1
6404,Tux,1
6405,Tux,1
6406,Fox,1
6407,Whale,1
6408,Fox,1
6409,Fox,1
6410,Tux,1
6411,Python,1
6412,Python,1
6413,Whale,1
6414,Python,1
6415,Whale,1
6416,Fox,1
6417,Tux,1
6418,Python,1
6419,Whale,1
6420,Tux,1
6421,Fox,1
6422,Whale,1
6423,Tux,1
6424,Fox,1
6425,Python,1
6426,Tux,1
6427,Fox,1
6428,Python,1
6429,Fox,1
6430,Python,1
6431,Whale,1
6432,Whale,1
6433,Python,1
6434,Whale,1
6435,Tux,1
6436,Tux,1
6437,Whale,1
6438,Fox,1
6439,Tux,1
6440,Fox,1
6441,Tux,1
6442,Fox,1
6443,Python,1
6444,Python,1
6445,Whale,1
6446,Python,1
6447,Fox,1
6448,Whale,1
6449,Tux,1
6450,Whale,1
6451,Python,1
6452,Tux,1
6453,Fox,1
6454,Whale,1
6455,Fox,1
6456,Tux,1
6457,Tux,1
6458,Python,1
6459,Fox,1
6460,Python,1
6461,Whale,1
6462,Fox,1
6463,Python,1
6464,Whale,1
6465,Whale,1
6466,Tux,1
6467,Python,1
6468,Tux,1
6469,Tux,1
6470,Whale,1
6471,Fox,1
6472,Fox,1
6473,Tux,1
6474,Fox,1
6475,Python,1
6476,Python,1
6477,Fox,1
6478,Whale,1
6479,Whale,1
6480,Python,1
6481,Whale,1
6482,Tux,1
6483,Python,1
6484,Tux,1
6485,Fox,1
6486,Whale,1
6487,Tux,1
6488,Fox,1
6489,Python,1
6490,Fox,1
6491,Python,1
6492,Tux,1
6493,Python,1
6494,Fox,1
6495,Whale,1
6496,Whale,1
6497,Whale,1
6498,Tux,1
6499,Python,1
6500,Tux,1
6501,Tux,1
6502,Fox,1
6503,Whale,1
6504,Fox,1
6505,Fox,1
6506,Python,1
6507,Tux,1
6508,Python,1
6509,Python,1
6510,Whale,1
6511,Fox,1
6512,Whale,1
6513,Whale,1
6514,Tux,1
6515,Python,1
6516,Tux,1
6517,Whale,1
6518,Tux,1
6519,Fox,1
6520,Fox,1
6521,Tux,1
6522,Fox,1
6523,Python,1
6524,Python,1
6525,Fox,1
6526,Whale,1
6527,Python,1
6528,Whale,1
6529,Python,1
6530,Whale,1
6531,Tux,1
6532,Tux,1
6533,Whale,1
6534,Tux,1
6535,Fox,1
6536,Fox,1
6537,Tux,1
6538,Python,1
6539,Python,1
6540,Fox,1
6541,Fox,1
6542,Whale,1
6543,Python,1
6544,Whale,1
6545,Whale,1
6546,Tux,1
6547,Tux,1
6548,Python,1
6549,Fox,1
6550,Whale,1
6551,Fox,1
6552,Tux,1
6553,Python,1
6554,Fox,1
6555,Python,1
6556,Tux,1
6557,Python,1
6558,Whale,1
6559,Fox,1
6560,Whale,1
6561,Tux,1
6562,Whale,1
6563,Python,1
6564,Tux,1
6565,Tux,1
6566,Fox,1
6567,Fox,1
6568,Whale,1
6569,Fox,1
6570,Python,1
6571,Tux,1
6572,Python,1
6573,Whale,1
6574,Python,1
6575,Whale,1
6576,Fox,1
6577,Tux,1
6578,Whale,1
6579,Tux,1
6580,Python,1
6581,Fox,1
6582,Tux,1
6583,Fox,1
6584,Whale,1
6585,Python,1
6586,Fox,1
6587,Tux,1
6588,Whale,1
6589,Python,1
6590,Python,1
6591,Whale,1
6592,Tux,1
6593,Fox,1
6594,Whale,1
6595,Fox,1
6596,Python,1
6597,Tux,1
6598,Tux,1
6599,Whale,1
6600,Fox,1
6601,Fox,1
6602,Python,1
6603,Tux,1
6604,Python,1
6605,Python,1
6606,Whale,1
6607,Tux,1
6608,Fox,1
6609,Whale,1
6610,Whale,1
6611,Fox,1
6612,Tux,1
6613,Python,1
6614,Tux,1
6615,Python,1
6616,Fox,1
6617,Whale,1
6618,Fox,1
6619,Whale,1
6620,Tux,1
6621,Python,1
6622,Python,1
6623,Tux,1
6624,Fox,1
6625,Whale,1
6626,Whale,1
6627,Fox,1
6628,Python,1
6629,Tux,1
6630,Tux,1
6631,Python,1
6632,Fox,1
6633,Whale,1
6634,Fox,1
6635,Whale,1
6636,Python,1
6637,Python,1
6638,Tux,1
6639,Tux,1
6640,Whale,1
6641,Fox,1
6642,Fox,1
6643,Tux,1
6644,Python,1
6645,Python,1
6646,Fox,1
6647,Whale,1
6648,Whale,1
6649,Tux,1
6650,Python,1
6651,Tux,1
6652,Fox,1
6653,Whale,1
6654,Fox,1
6655,Python,1
6656,Tux,1
6657,Python,1
6658,Fox,1
6659,Whale,1
6660,Whale,1
6661,Tux,1
6662,Python,1
6663,Tux,1
6664,Fox,1
6665,Whale,1
6666,Fox,1
6667,Python,1
6668,Tux,1
6669,Python,1
6670,Whale,1
6671,Whale,1
6672,Fox,1
6673,Tux,1
6674,Tux,1
6675,Python,1
6676,Fox,1
6677,Fox,1
6678,Whale,1
6679,Python,1
6680,Python,1
6681,Tux,1
6682,Whale,1
6683,Whale,1
6684,Fox,1
6685,Tux,1
6686,Python,1
6687,Tux,1
6688,Fox,1
6689,Whale,1
6690,Fox,1
6691,Python,1
6692,Tux,1
6693,Python,1
6694,Fox,1
6695,Whale,1
6696,Whale,1
6697,Python,1
6698,Tux,1
6699,Tux,1
6700,Whale,1
6701,Fox,1
6702,Fox,1
6703,Tux,1
6704,Python,1
6705,Python,1
6706,Fox,1
6707,Whale,1
6708,Whale,1
6709,Python,1
6710,Tux,1
6711,Tux,1
6712,Whale,1
6713,Tux,1
6714,Fox,1
6715,Fox,1
6716,Python,1
6717,Python,1
6718,Fox,1
6719,Whale,1
6720,Python,1
6721,Whale,1
6722,Tux,1
6723,Whale,1
6724,Tux,1
6725,Fox,1
6726,Tux,1
6727,Fox,1
6728,Fox,1
6729,Python,1
6730,Python,1
6731,Python,1
6732,Whale,1
6733,Whale,1
6734,Whale,1
6735,Tux,1
6736,Tux,1
6737,Tux,1
6738,Fox,1
6739,Fox,1
6740,Fox,1
6741,Python,1
6742,Python,1
6743,Whale,1
6744,Python,1
6745,Whale,1
6746,Tux,1
6747,Tux,1
6748,Whale,1
6749,Fox,1
6750,Tux,1
6751,Fox,1
6752,Python,1
6753,Python,1
6754,Fox,1
6755,Python,1
6756,Whale,1
6757,Whale,1
6758,Whale,1
6759,Tux,1
6760,Tux,1
6761,Fox,1
6762,Tux,1
6763,Fox,1
6764,Python,1
6765,Python,1
6766,Fox,1
6767,Python,1
6768,Whale,1
6769,Whale,1
6770,Tux,1
6771,Tux,1
6772,Fox,1
6773,Fox,1
6774,Python,1
6775,Python,1
6776,Whale,1
6777,Tux,1
6778,Whale,1
6779,Fox,1
6780,Tux,1
6781,Python,1
6782,Fox,1
6783,Whale,1
6784,Python,1
6785,Tux,1
6786,Whale,1
6787,Fox,1
6788,Tux,1
6789,Python,1
6790,Fox,1
6791,Whale,1
6792,Python,1
6793,Tux,1
6794,Whale,1
6795,Fox,1
6796,Tux,1
6797,Python,1
6798,Fox,1
6799,Whale,1
6800,Python,1
6801,Tux,1
6802,Whale,1
6803,Fox,1
6804,Tux,1
6805,Python,1
6806,Fox,1
6807,Whale,1
6808,Python,1
6809,Tux,1
6810,Whale,1
6811,Fox,1
6812,Tux,1
6813,Fox,1
6814,Python,1
6815,Whale,1
6816,Python,1
6817,Tux,1
6818,Whale,1
6819,Fox,1
6820,Tux,1
6821,Python,1
6822,Fox,1
6823,Whale,1
6824,Python,1
6825,Whale,1
6826,Tux,1
6827,Fox,1
6828,Tux,1
6829,Fox,1
6830,Python,1
6831,Whale,1
6832,Python,1
6833,Whale,1
6834,Tux,1
6835,Tux,1
6836,Fox,1
6837,Python,1
6838,Fox,1
6839,Python,1
6840,Whale,1
6841,Whale,1
6842,Tux,1
6843,Tux,1
6844,Fox,1
6845,Fox,1
6846,Python,1
6847,Whale,1
6848,Python,1
6849,Tux,1
6850,Whale,1
6851,Tux,1
6852,Fox,1
6853,Python,1
6854,Fox,1
6855,Python,1
6856,Whale,1
6857,Whale,1
6858,Tux,1
6859,Tux,1
6860,Fox,1
6861,Fox,1
6862,Python,1
6863,Whale,1
6864,Python,1
6865,Tux,1
6866,Whale,1
6867,Fox,1
6868,Tux,1
6869,Python,1
6870,Fox,1
6871,Whale,1
6872,Python,1
6873,Tux,1
6874,Whale,1
6875,Fox,1
6876,Tux,1
6877,Fox,1
6878,Python,1
6879,Whale,1
6880,Python,1
6881,Tux,1
6882,Whale,1
6883,Fox,1
6884,Tux,1
6885,Python,1
6886,Fox,1
6887,Whale,1
6888,Python,1
6889,Tux,1
6890,Whale,1
6891,Tux,1
6892,Fox,1
6893,Python,1
6894,Fox,1
6895,Whale,1
6896,Python,1
6897,Whale,1
6898,Tux,1
6899,Fox,1
6900,Tux,1
6901,Python,1
6902,Fox,1
6903,Python,1
6904,Whale,1
6905,Tux,1
6906,Fox,1
6907,Python,1
6908,Whale,1
6909,Tux,1
6910,Fox,1
6911,Python,1
6912,Whale,1
6913,Tux,1
6914,Fox,1
6915,Python,1
6916,Whale,1
6917,Tux,1
6918,Fox,1
6919,Python,1
6920,Whale,1
6921,Tux,1
6922,Fox,1
6923,Python,1
6924,Whale,1
6925,Tux,1
6926,Fox,1
6927,Python,1
6928,Whale,1
6929,Tux,1
6930,Fox,1
6931,Python,1
6932,Whale,1
6933,Tux,1
6934,Fox,1
6935,Python,1
6936,Whale,1
6937,Tux,1
6938,Fox,1
6939,Python,1
6940,Whale,1
6941,Tux,1
6942,Fox,1
6943,Python,1
6944,Whale,1
6945,Tux,1
6946,Fox,1
6947,Python,1
6948,Whale,1
6949,Tux,1
6950,Fox,1
6951,Python,1
6952,Whale,1
6953,Tux,1
6954,Fox,1
6955,Python,1
6956,Whale,1
6957,Tux,1
6958,Fox,1
6959,Python,1
6960,Whale,1
6961,Tux,1
6962,Fox,1
6963,Python,1
6964,Whale,1
6965,Tux,1
6966,Fox,1
6967,Python,1
6968,Whale,1
6969,Tux,1
6970,Fox,1
6971,Python,1
6972,Whale,1
6973,Tux,1
6974,Fox,1
6975,Python,1
6976,Whale,1
6977,Tux,1
6978,Fox,1
6979,Python,1
6980,Whale,1
6981,Tux,1
6982,Fox,1
6983,Python,1
6984,Whale,1
6985,Tux,1
6986,Fox,1
6987,Python,1
6988,Whale,1
6989,Tux,1
6990,Fox,1
6991,Python,1
6992,Whale,1
6993,Tux,1
6994,Fox,1
6995,Python,1
6996,Whale,1
6997,Tux,1
6998,Fox,1
6999,Python,1
7000,Whale,1
7001,Tux,1
7002,Fox,1
7003,Python,1
7004,Whale,1
7005,Tux,1
7006,Fox,1
7007,Python,1
7008,Whale,1
7009,Tux,1
7010,Fox,1
7011,Python,1
7012,Whale,1
7013,Tux,1
7014,Fox,1
7015,Python,1
7016,Whale,1
7017,Tux,1
7018,Fox,1
7019,Python,1
7020,Whale,1
7021,Tux,1
7022,Fox,1
7023,Python,1
7024,Whale,1
7025,Tux,1
7026,Fox,1
7027,Python,1
7028,Whale,1
7029,Tux,1
7030,Fox,1
7031,Python,1
7032,Whale,1
7033,Tux,1
7034,Fox,1
7035,Python,1
7036,Whale,1
7037,Tux,1
7038,Fox,1
7039,Python,1
7040,Item1,5
7041,Item1,5
7042,Item1,5
